Category	Term	Count	Percentage	PValue	Genes	List Total	Pop Hits	Pop Total	Fold Enrichment	Bonferroni	Benjamini	FDR......
GOTERM_CC_DIRECT	GO:0070062~extracellular exosome	67	19.533527696793	6.91183792299509E-10	ENSG00000162747, ENSG00000116729, ENSG00000142937, ENSG00000211445, ENSG00000065978, ENSG00000117335, ENSG00000122218, ENSG00000142583, ENSG00000143119, ENSG00000083444, ENSG00000225217, ENSG00000142669, ENSG00000203747, ENSG00000142864, ENSG00000108578, ENSG00000155366, ENSG00000130203, ENSG00000196154, ENSG00000159403, ENSG00000158710, ENSG00000117643, ENSG00000119655, ENSG00000143546, ENSG00000116791, ENSG00000142657, ENSG00000079739, ENSG00000162368, ENSG00000196187, ENSG00000133048, ENSG00000177106, ENSG00000197956, ENSG00000134256, ENSG00000171766, ENSG00000117632, ENSG00000117115, ENSG00000097021, ENSG00000168710, ENSG00000162692, ENSG00000117592, ENSG00000169641, ENSG00000156482, ENSG00000185499, ENSG00000121064, ENSG00000179163, ENSG00000142765, ENSG00000162896, ENSG00000172380, ENSG00000090020, ENSG00000077549, ENSG00000162736, ENSG00000083845, ENSG00000104918, ENSG00000284214, ENSG00000203710, ENSG00000143369, ENSG00000117385, ENSG00000116251, ENSG00000122406, ENSG00000000938, ENSG00000155380, ENSG00000184678, ENSG00000163399, ENSG00000143320, ENSG00000183347, ENSG00000142875, ENSG00000143882, ENSG00000142676	282	2219	20587	2.20425308186232	2.50899679588024E-07	2.50899716604722E-07	2."4606143.0058625"
REACTOME_PATHWAY	R-HSA-141424~Amplification of signal from the kinetochores	14	4.08163265306122	8.13967895258455E-09	ENSG00000152253, ENSG00000066027, ENSG00000260238, ENSG00000117724, ENSG00000175279, ENSG00000177954, ENSG00000178999, ENSG00000117399, ENSG00000143228, ENSG00000134690, ENSG00000160783, ENSG00000142945, ENSG00000142856, ENSG00000089685	188	96	10946	8.49091312056738	6.91056356239006E-06	3.45936355484844E-06	3."37796676.532259"
REACTOME_PATHWAY	R-HSA-5663220~RHO GTPases Activate Formins	16	4.66472303206997	1.48749871806485E-08	ENSG00000152253, ENSG00000155366, ENSG00000131504, ENSG00000066027, ENSG00000260238, ENSG00000117724, ENSG00000175279, ENSG00000177954, ENSG00000178999, ENSG00000117399, ENSG00000143228, ENSG00000134690, ENSG00000160783, ENSG00000142945, ENSG00000142856, ENSG00000089685	188	140	10946	6.65410334346505	1.26287844243178E-05	4.21457970118375E-06	4."11541311.997943"
REACTOME_PATHWAY	R-HSA-69618~Mitotic Spindle Checkpoint	14	4.08163265306122	6.01097351095701E-08	ENSG00000152253, ENSG00000066027, ENSG00000260238, ENSG00000117724, ENSG00000175279, ENSG00000177954, ENSG00000178999, ENSG00000117399, ENSG00000143228, ENSG00000134690, ENSG00000160783, ENSG00000142945, ENSG00000142856, ENSG00000089685	188	113	10946	7.21351911127848	5.10318644453278E-05	1.27733187107837E-05	1."247277003.52358"
REACTOME_PATHWAY	R-HSA-9648025~EML4 and NUDC in mitotic spindle formation	14	4.08163265306122	9.13136483451562E-08	ENSG00000152253, ENSG00000066027, ENSG00000260238, ENSG00000117724, ENSG00000175279, ENSG00000177954, ENSG00000178999, ENSG00000117399, ENSG00000143228, ENSG00000134690, ENSG00000160783, ENSG00000142945, ENSG00000142856, ENSG00000089685	188	117	10946	6.96690307328605	7.75222859464852E-05	1.55233202186765E-05	1."515806562.52959"
GOTERM_BP_DIRECT	GO:0007052~mitotic spindle organization	10	2.91545189504373	9.93978701650199E-08	ENSG00000152253, ENSG00000143228, ENSG00000134690, ENSG00000180198, ENSG00000121957, ENSG00000126787, ENSG00000089685, ENSG00000123473, ENSG00000117632, ENSG00000178999	275	57	19357	12.3489633173844	0.000170254065172348	0.000170169153722514	0.169970357982184
REACTOME_PATHWAY	R-HSA-195258~RHO GTPase Effectors	22	6.41399416909621	1.74195079522206E-07	ENSG00000183856, ENSG00000152253, ENSG00000155366, ENSG00000131504, ENSG00000118193, ENSG00000066027, ENSG00000260238, ENSG00000077157, ENSG00000117724, ENSG00000116701, ENSG00000175279, ENSG00000177954, ENSG00000178999, ENSG00000117399, ENSG00000143546, ENSG00000143228, ENSG00000134690, ENSG00000160783, ENSG00000142945, ENSG00000142856, ENSG00000089685, ENSG00000184678	188	327	10946	3.91717092849242	0.000147880699923886	2.46776362656459E-05	2."409698600.05719"
REACTOME_PATHWAY	R-HSA-2500257~Resolution of Sister Chromatid Cohesion	14	4.08163265306122	2.20276490286459E-07	ENSG00000152253, ENSG00000066027, ENSG00000260238, ENSG00000117724, ENSG00000175279, ENSG00000177954, ENSG00000178999, ENSG00000117399, ENSG00000143228, ENSG00000134690, ENSG00000160783, ENSG00000142945, ENSG00000142856, ENSG00000089685	188	126	10946	6.46926713947991	0.000186997274666645	2.67478595347843E-05	2."611849813.39659"
GOTERM_BP_DIRECT	GO:0051301~cell division	20	5.83090379008746	2.6626089687744E-06	ENSG00000152253, ENSG00000180198, ENSG00000118193, ENSG00000066279, ENSG00000260238, ENSG00000134222, ENSG00000117724, ENSG00000175279, ENSG00000097046, ENSG00000173207, ENSG00000178999, ENSG00000117399, ENSG00000117650, ENSG00000143228, ENSG00000134690, ENSG00000121957, ENSG00000160783, ENSG00000142945, ENSG00000142856, ENSG00000089685	275	385	19357	3.65657615112161	0.00455066941928894	0.00227919327727089	0.227653066830211
GOTERM_MF_DIRECT	GO:0005515~protein binding	215	62.6822157434402	5.55457100394449E-06	ENSG00000174371, ENSG00000117335, ENSG00000143515, ENSG00000117691, ENSG00000142669, ENSG00000130203, ENSG00000173171, ENSG00000196154, ENSG00000134243, ENSG00000169231, ENSG00000099377, ENSG00000134247, ENSG00000159403, ENSG00000119655, ENSG00000160783, ENSG00000123472, ENSG00000142655, ENSG00000123473, ENSG00000131504, ENSG00000196187, ENSG00000169241, ENSG00000116701, ENSG00000117118, ENSG00000136634, ENSG00000197956, ENSG00000075391, ENSG00000178999, ENSG00000168710, ENSG00000143614, ENSG00000134690, ENSG00000117592, ENSG00000156482, ENSG00000162735, ENSG00000089685, ENSG00000179163, ENSG00000092847, ENSG00000104043, ENSG00000100122, ENSG00000143178, ENSG00000142765, ENSG00000143850, ENSG00000072694, ENSG00000162736, ENSG00000134222, ENSG00000143842, ENSG00000163156, ENSG00000085999, ENSG00000116251, ENSG00000117461, ENSG00000121957, ENSG00000132718, ENSG00000000938, ENSG00000155380, ENSG00000163399, ENSG00000142875, ENSG00000041880, ENSG00000162627, ENSG00000143390, ENSG00000118193, ENSG00000211445, ENSG00000066027, ENSG00000077157, ENSG00000137942, ENSG00000119285, ENSG00000001461, ENSG00000173641, ENSG00000116688, ENSG00000065978, ENSG00000077152, ENSG00000122218, ENSG00000117650, ENSG00000072818, ENSG00000121481, ENSG00000142864, ENSG00000162511, ENSG00000136628, ENSG00000155366, ENSG00000088280, ENSG00000181036, ENSG00000130766, ENSG00000143819, ENSG00000175279, ENSG00000117643, ENSG00000142856, ENSG00000162520, ENSG00000158747, ENSG00000123080, ENSG00000180198, ENSG00000162407, ENSG00000196420, ENSG00000158864, ENSG00000177106, ENSG00000024526, ENSG00000117676, ENSG00000204219, ENSG00000198719, ENSG00000125945, ENSG00000186501, ENSG00000010803, ENSG00000132906, ENSG00000143374, ENSG00000176261, ENSG00000137936, ENSG00000198830, ENSG00000116213, ENSG00000104918, ENSG00000143369, ENSG00000182134, ENSG00000270136, ENSG00000215695, ENSG00000184678, ENSG00000162542, ENSG00000150681, ENSG00000198860, ENSG00000142937, ENSG00000117614, ENSG00000173207, ENSG00000162430, ENSG00000143119, ENSG00000158286, ENSG00000054523, ENSG00000142945, ENSG00000203747, ENSG00000185436, ENSG00000143476, ENSG00000158714, ENSG00000108578, ENSG00000117724, ENSG00000173212, ENSG00000158710, ENSG00000143226, ENSG00000111181, ENSG00000143228, ENSG00000162688, ENSG00000116191, ENSG00000162444, ENSG00000124491, ENSG00000157734, ENSG00000154222, ENSG00000197312, ENSG00000116544, ENSG00000159479, ENSG00000117632, ENSG00000170989, ENSG00000162694, ENSG00000266094, ENSG00000143450, ENSG00000148344, ENSG00000163545, ENSG00000132688, ENSG00000172380, ENSG00000198198, ENSG00000090020, ENSG00000066056, ENSG00000154451, ENSG00000213512, ENSG00000117868, ENSG00000083845, ENSG00000198756, ENSG00000177954, ENSG00000117862, ENSG00000203710, ENSG00000122406, ENSG00000143320, ENSG00000116729, ENSG00000177606, ENSG00000159214, ENSG00000097046, ENSG00000240563, ENSG00000173369, ENSG00000143799, ENSG00000143436, ENSG00000205846, ENSG00000142583, ENSG00000143437, ENSG00000158481, ENSG00000083444, ENSG00000160058, ENSG00000049089, ENSG00000152253, ENSG00000264522, ENSG00000132780, ENSG00000116830, ENSG00000143546, ENSG00000117481, ENSG00000126787, ENSG00000079739, ENSG00000148677, ENSG00000143409, ENSG00000133048, ENSG00000171766, ENSG00000097021, ENSG00000189171, ENSG00000137764, ENSG00000189057, ENSG00000117399, ENSG00000163221, ENSG00000118217, ENSG00000057252, ENSG00000187554, ENSG00000143418, ENSG00000188404, ENSG00000185499, ENSG00000143771, ENSG00000142686, ENSG00000183856, ENSG00000077549, ENSG00000133055, ENSG00000116857, ENSG00000159423, ENSG00000143401, ENSG00000117385, ENSG00000079277, ENSG00000116171, ENSG00000142676	272	12623	18913	1.18431545358379	0.00285098562488217	0.00285504949602747	0.285504949602747
REACTOME_PATHWAY	R-HSA-68877~Mitotic Prometaphase	15	4.3731778425656	1.0239858995263E-05	ENSG00000152253, ENSG00000066027, ENSG00000260238, ENSG00000117724, ENSG00000175279, ENSG00000177954, ENSG00000178999, ENSG00000117399, ENSG00000117650, ENSG00000143228, ENSG00000134690, ENSG00000160783, ENSG00000142945, ENSG00000142856, ENSG00000089685	188	204	10946	4.28113266583229	0.00865600399451594	0.00108798501824669	0.106238537075853
REACTOME_PATHWAY	R-HSA-68882~Mitotic Anaphase	16	4.66472303206997	1.24254642029128E-05	ENSG00000152253, ENSG00000154222, ENSG00000180198, ENSG00000066027, ENSG00000260238, ENSG00000117724, ENSG00000175279, ENSG00000177954, ENSG00000178999, ENSG00000117399, ENSG00000143228, ENSG00000134690, ENSG00000160783, ENSG00000142945, ENSG00000142856, ENSG00000089685	188	236	10946	3.94734944103859	0.0104938360971042	0.00111906320145691	0.109273230259911
REACTOME_PATHWAY	R-HSA-2555396~Mitotic Metaphase and Anaphase	16	4.66472303206997	1.31654494289049E-05	ENSG00000152253, ENSG00000154222, ENSG00000180198, ENSG00000066027, ENSG00000260238, ENSG00000117724, ENSG00000175279, ENSG00000177954, ENSG00000178999, ENSG00000117399, ENSG00000143228, ENSG00000134690, ENSG00000160783, ENSG00000142945, ENSG00000142856, ENSG00000089685	188	237	10946	3.93069395816501	0.0111153035419715	0.00111906320145691	0.109273230259911
REACTOME_PATHWAY	R-HSA-2467813~Separation of Sister Chromatids	14	4.08163265306122	2.33522014963917E-05	ENSG00000152253, ENSG00000066027, ENSG00000260238, ENSG00000117724, ENSG00000175279, ENSG00000177954, ENSG00000178999, ENSG00000117399, ENSG00000143228, ENSG00000134690, ENSG00000160783, ENSG00000142945, ENSG00000142856, ENSG00000089685	188	191	10946	4.26768408154172	0.0196310029308263	0.00173623115840236	0.16953786605576
REACTOME_PATHWAY	R-HSA-6798695~Neutrophil degranulation	23	6.70553935860058	2.45114987068569E-05	ENSG00000131504, ENSG00000162747, ENSG00000162736, ENSG00000196187, ENSG00000133048, ENSG00000117115, ENSG00000104918, ENSG00000203710, ENSG00000163131, ENSG00000119655, ENSG00000143226, ENSG00000143546, ENSG00000163221, ENSG00000142583, ENSG00000143119, ENSG00000117592, ENSG00000188404, ENSG00000162688, ENSG00000000938, ENSG00000179163, ENSG00000104043, ENSG00000079739, ENSG00000162896	188	482	10946	2.77829522380154	0.0205954729458706	0.00173623115840236	0.16953786605576
REACTOME_PATHWAY	R-HSA-9716542~Signaling by Rho GTPases, Miro GTPases and RHOBTB3	29	8.45481049562682	3.7101070016947E-05	ENSG00000136636, ENSG00000131504, ENSG00000118193, ENSG00000066027, ENSG00000137942, ENSG00000260238, ENSG00000077157, ENSG00000116701, ENSG00000116688, ENSG00000075391, ENSG00000178999, ENSG00000117399, ENSG00000134690, ENSG00000142945, ENSG00000089685, ENSG00000183856, ENSG00000152253, ENSG00000077549, ENSG00000155366, ENSG00000173171, ENSG00000117724, ENSG00000175279, ENSG00000177954, ENSG00000143546, ENSG00000143228, ENSG00000117461, ENSG00000160783, ENSG00000142856, ENSG00000184678	188	723	10946	2.33537859392013	0.0310084551540505	0.00242583919341577	0.236876062415893
REACTOME_PATHWAY	R-HSA-69620~Cell Cycle Checkpoints	17	4.95626822157434	4.1361179636104E-05	ENSG00000152253, ENSG00000174371, ENSG00000066027, ENSG00000260238, ENSG00000117724, ENSG00000175279, ENSG00000097046, ENSG00000177954, ENSG00000178999, ENSG00000117399, ENSG00000143228, ENSG00000134690, ENSG00000160783, ENSG00000142945, ENSG00000142856, ENSG00000089685, ENSG00000184678	188	293	10946	3.37814973495026	0.0345069425280464	0.00251121447790631	0.245212707842617
REACTOME_PATHWAY	R-HSA-168249~Innate Immune System	37	10.7871720116618	5.18386376328957E-05	ENSG00000131504, ENSG00000162747, ENSG00000196187, ENSG00000177606, ENSG00000116701, ENSG00000133048, ENSG00000173369, ENSG00000117335, ENSG00000117115, ENSG00000117676, ENSG00000168710, ENSG00000163221, ENSG00000205846, ENSG00000142583, ENSG00000143119, ENSG00000117592, ENSG00000187554, ENSG00000188404, ENSG00000185499, ENSG00000132906, ENSG00000179163, ENSG00000203747, ENSG00000104043, ENSG00000162896, ENSG00000162736, ENSG00000159403, ENSG00000104918, ENSG00000119655, ENSG00000203710, ENSG00000163131, ENSG00000143226, ENSG00000143546, ENSG00000000938, ENSG00000162688, ENSG00000143882, ENSG00000142875, ENSG00000079739	188	1069	10946	2.01521604999701	0.0430576638248651	0.00293752279919742	0.286840461568689
REACTOME_PATHWAY	R-HSA-194315~Signaling by Rho GTPases	28	8.16326530612245	6.5942585246473E-05	ENSG00000136636, ENSG00000131504, ENSG00000118193, ENSG00000066027, ENSG00000137942, ENSG00000260238, ENSG00000077157, ENSG00000116701, ENSG00000075391, ENSG00000178999, ENSG00000117399, ENSG00000134690, ENSG00000142945, ENSG00000089685, ENSG00000183856, ENSG00000152253, ENSG00000077549, ENSG00000155366, ENSG00000173171, ENSG00000117724, ENSG00000175279, ENSG00000177954, ENSG00000143546, ENSG00000143228, ENSG00000117461, ENSG00000160783, ENSG00000142856, ENSG00000184678	188	707	10946	2.30587739625026	0.0544486673908166	0.00350319984121888	0.342077160966078
GOTERM_BP_DIRECT	GO:0007094~mitotic spindle assembly checkpoint	6	1.74927113702624	8.06802221095215E-05	ENSG00000152253, ENSG00000117399, ENSG00000143228, ENSG00000117724, ENSG00000089685, ENSG00000178999	275	32	19357	13.1979545454545	0.1290849130108	0.0460415134171669	0.459877266024273
REACTOME_PATHWAY	R-HSA-168256~Immune System	57	16.6180758017493	8.73271991293436E-05	ENSG00000162747, ENSG00000066027, ENSG00000177606, ENSG00000173369, ENSG00000117335, ENSG00000205846, ENSG00000142583, ENSG00000158481, ENSG00000143119, ENSG00000142945, ENSG00000203747, ENSG00000185436, ENSG00000108578, ENSG00000159403, ENSG00000119655, ENSG00000163131, ENSG00000143226, ENSG00000143546, ENSG00000162688, ENSG00000079739, ENSG00000124491, ENSG00000131504, ENSG00000196187, ENSG00000164509, ENSG00000116701, ENSG00000133048, ENSG00000136634, ENSG00000117676, ENSG00000134256, ENSG00000117115, ENSG00000168710, ENSG00000117399, ENSG00000163462, ENSG00000162692, ENSG00000163221, ENSG00000170989, ENSG00000187554, ENSG00000117592, ENSG00000188404, ENSG00000185499, ENSG00000132906, ENSG00000089685, ENSG00000179163, ENSG00000104043, ENSG00000162896, ENSG00000077549, ENSG00000072694, ENSG00000162736, ENSG00000154451, ENSG00000213512, ENSG00000104918, ENSG00000203710, ENSG00000117461, ENSG00000000938, ENSG00000183347, ENSG00000142875, ENSG00000143882	188	2024	10946	1.63969073248675	0.0714620526493741	0.00436635995646718	0.426362207513854
GOTERM_BP_DIRECT	GO:0007059~chromosome segregation	8	2.33236151603499	0.000118239950572921	ENSG00000152253, ENSG00000117650, ENSG00000143228, ENSG00000180198, ENSG00000126787, ENSG00000160783, ENSG00000117724, ENSG00000089685	275	78	19357	7.21939393939394	0.183360075969615	0.0506066988452104	0.505475788699239
GOTERM_BP_DIRECT	GO:0007165~signal transduction	35	10.2040816326531	0.000221669033712348	ENSG00000158747, ENSG00000162407, ENSG00000066027, ENSG00000137942, ENSG00000077157, ENSG00000097046, ENSG00000136634, ENSG00000024526, ENSG00000197956, ENSG00000117632, ENSG00000117676, ENSG00000075391, ENSG00000137764, ENSG00000122218, ENSG00000118217, ENSG00000143119, ENSG00000266094, ENSG00000090104, ENSG00000148344, ENSG00000172380, ENSG00000183856, ENSG00000066056, ENSG00000072694, ENSG00000137936, ENSG00000104918, ENSG00000116774, ENSG00000282608, ENSG00000143369, ENSG00000121933, ENSG00000162745, ENSG00000142856, ENSG00000270136, ENSG00000143320, ENSG00000169418, ENSG00000142875	275	1259	19357	1.95680554552675	0.315975228893734	0.0758994771431079	0.75810809529623
GOTERM_CC_DIRECT	GO:0000775~chromosome, centromeric region	7	2.04081632653061	0.000236680869154375	ENSG00000143228, ENSG00000134690, ENSG00000066027, ENSG00000142945, ENSG00000117724, ENSG00000089685, ENSG00000178999	282	64	20587	7.98476285460993	0.0823372442705636	0.0346718226051108	0.340032199653428
KEGG_PATHWAY	hsa05171:Coronavirus disease - COVID-19	13	3.79008746355685	0.000257090759236858	ENSG00000124491, ENSG00000142937, ENSG00000177606, ENSG00000083845, ENSG00000159403, ENSG00000173369, ENSG00000177954, ENSG00000143226, ENSG00000116251, ENSG00000117461, ENSG00000122406, ENSG00000156482, ENSG00000142676	129	232	8205	3.56405372894948	0.0656280499426533	0.0678719604385304	0.673577789200567
GOTERM_CC_DIRECT	GO:0000776~kinetochore	10	2.91545189504373	0.00028654398847199	ENSG00000152253, ENSG00000117650, ENSG00000143228, ENSG00000160783, ENSG00000142945, ENSG00000117724, ENSG00000142856, ENSG00000175279, ENSG00000089685, ENSG00000178999	282	155	20587	4.70990619995424	0.0988020752288815	0.0346718226051108	0.340032199653428
GOTERM_MF_DIRECT	GO:0019864~IgG binding	4	1.16618075801749	0.000440877380018054	ENSG00000143226, ENSG00000072694, ENSG00000162747, ENSG00000203747	272	11	18913	25.2847593582888	0.20280896940546	0.0755369911097598	0.755369911097598
GOTERM_MF_DIRECT	GO:0050786~RAGE receptor binding	4	1.16618075801749	0.000440877380018054	ENSG00000143546, ENSG00000163221, ENSG00000196154, ENSG00000189171	272	11	18913	25.2847593582888	0.20280896940546	0.0755369911097598	0.755369911097598
GOTERM_CC_DIRECT	GO:0005829~cytosol	102	29.7376093294461	0.000452905167846971	ENSG00000215845, ENSG00000142937, ENSG00000177000, ENSG00000143515, ENSG00000142945, ENSG00000142669, ENSG00000143476, ENSG00000108578, ENSG00000134243, ENSG00000117724, ENSG00000158710, ENSG00000143228, ENSG00000162688, ENSG00000160783, ENSG00000142657, ENSG00000142655, ENSG00000123473, ENSG00000162444, ENSG00000131504, ENSG00000197312, ENSG00000116701, ENSG00000117632, ENSG00000197956, ENSG00000117115, ENSG00000075391, ENSG00000178999, ENSG00000168710, ENSG00000162694, ENSG00000134690, ENSG00000117592, ENSG00000156482, ENSG00000143450, ENSG00000089685, ENSG00000162735, ENSG00000092847, ENSG00000117868, ENSG00000134222, ENSG00000083845, ENSG00000177954, ENSG00000116251, ENSG00000117461, ENSG00000121957, ENSG00000122406, ENSG00000000938, ENSG00000143320, ENSG00000142875, ENSG00000116729, ENSG00000118193, ENSG00000066027, ENSG00000077157, ENSG00000137942, ENSG00000116688, ENSG00000065978, ENSG00000122218, ENSG00000143799, ENSG00000117650, ENSG00000225217, ENSG00000142864, ENSG00000162511, ENSG00000136628, ENSG00000134207, ENSG00000152253, ENSG00000264522, ENSG00000155366, ENSG00000088280, ENSG00000130766, ENSG00000175279, ENSG00000116830, ENSG00000117245, ENSG00000143546, ENSG00000116791, ENSG00000126787, ENSG00000142856, ENSG00000162520, ENSG00000079739, ENSG00000148677, ENSG00000162368, ENSG00000123080, ENSG00000177106, ENSG00000117676, ENSG00000097021, ENSG00000189171, ENSG00000137764, ENSG00000117399, ENSG00000163221, ENSG00000162374, ENSG00000118217, ENSG00000125945, ENSG00000090104, ENSG00000121064, ENSG00000132906, ENSG00000169607, ENSG00000183856, ENSG00000077549, ENSG00000157881, ENSG00000159423, ENSG00000198715, ENSG00000079277, ENSG00000116171, ENSG00000184678, ENSG00000143882, ENSG00000142676	282	5521	20587	1.34873423331419	0.151632883959885	0.0362912728684835	0.355914411602758
GOTERM_CC_DIRECT	GO:0031410~cytoplasmic vesicle	14	4.08163265306122	0.000499879791576907	ENSG00000155366, ENSG00000116729, ENSG00000154451, ENSG00000162627, ENSG00000213512, ENSG00000134243, ENSG00000137942, ENSG00000143401, ENSG00000198719, ENSG00000271810, ENSG00000054523, ENSG00000183347, ENSG00000162511	282	321	20587	3.18395528158901	0.165983199754471	0.0362912728684835	0.355914411602758
REACTOME_PATHWAY	R-HSA-9664323~FCGR3A-mediated IL10 synthesis	6	1.74927113702624	0.000558713226002067	ENSG00000168710, ENSG00000143226, ENSG00000000938, ENSG00000203747, ENSG00000136634, ENSG00000142875	188	40	10946	8.73351063829787	0.377791535443055	0.0263836801167643	0.257628876434287
REACTOME_PATHWAY	R-HSA-69278~Cell Cycle, Mitotic	22	6.41399416909621	0.000589858245254889	ENSG00000152253, ENSG00000154222, ENSG00000123080, ENSG00000180198, ENSG00000066027, ENSG00000260238, ENSG00000077157, ENSG00000117724, ENSG00000175279, ENSG00000097046, ENSG00000173207, ENSG00000177954, ENSG00000178999, ENSG00000117399, ENSG00000117650, ENSG00000143228, ENSG00000134690, ENSG00000160783, ENSG00000142945, ENSG00000142856, ENSG00000089685, ENSG00000184678	188	561	10946	2.28327075511055	0.394037639228359	0.0263883951824555	0.257674917663978
GOTERM_CC_DIRECT	GO:0022626~cytosolic ribosome	7	2.04081632653061	0.000602199167009742	ENSG00000116251, ENSG00000142937, ENSG00000122406, ENSG00000156482, ENSG00000083845, ENSG00000142676, ENSG00000177954	282	76	20587	6.72401082493468	0.196408436048824	0.0364330496040894	0.357304839092447
REACTOME_PATHWAY	R-HSA-68886~M Phase	18	5.24781341107872	0.000808625014638454	ENSG00000152253, ENSG00000154222, ENSG00000180198, ENSG00000066027, ENSG00000260238, ENSG00000117724, ENSG00000175279, ENSG00000177954, ENSG00000178999, ENSG00000117399, ENSG00000117650, ENSG00000143228, ENSG00000134690, ENSG00000160783, ENSG00000142945, ENSG00000142856, ENSG00000089685, ENSG00000184678	188	418	10946	2.50722793443958	0.49681649625847	0.0343665631221343	0.335579381074958
GOTERM_BP_DIRECT	GO:1901970~positive regulation of mitotic sister chromatid separation	3	0.874635568513119	0.00117554562186395	ENSG00000134690, ENSG00000089685, ENSG00000178999	275	4	19357	52.7918181818182	0.866665488247809	0.335422350771847	0.335030502231225
KEGG_PATHWAY	hsa05140:Leishmaniasis	7	2.04081632653061	0.00122910383962785	ENSG00000203710, ENSG00000143226, ENSG00000162747, ENSG00000116701, ENSG00000177606, ENSG00000203747, ENSG00000136634	129	77	8205	5.78224101479915	0.277243561013449	0.162241706830877	0.161012602991249
REACTOME_PATHWAY	R-HSA-9711097~Cellular response to starvation	10	2.91545189504373	0.00147677704223947	ENSG00000198198, ENSG00000116251, ENSG00000130766, ENSG00000142937, ENSG00000122406, ENSG00000156482, ENSG00000083845, ENSG00000143882, ENSG00000142676, ENSG00000177954	188	157	10946	3.70849708632606	0.714841582087387	0.0597743088525499	0.583678545266076
GOTERM_BP_DIRECT	GO:0002181~cytoplasmic translation	7	2.04081632653061	0.00175587686838608	ENSG00000116251, ENSG00000142937, ENSG00000122406, ENSG00000156482, ENSG00000083845, ENSG00000142676, ENSG00000177954	275	90	19357	5.47470707070707	0.950731032025532	0.415358796824597	0.414873564585316
GOTERM_BP_DIRECT	GO:1903490~positive regulation of mitotic cytokinesis	3	0.874635568513119	0.00194092895712429	ENSG00000134690, ENSG00000089685, ENSG00000178999	275	5	19357	42.2334545454546	0.964136746819217	0.415358796824597	0.414873564585316
GOTERM_MF_DIRECT	GO:0048306~calcium-dependent protein binding	7	2.04081632653061	0.0019738496847337	ENSG00000090020, ENSG00000143546, ENSG00000163221, ENSG00000196154, ENSG00000196420, ENSG00000197956, ENSG00000189171	272	91	18913	5.34869909502262	0.637800947947876	0.253639684488281	0.253639684488281
GOTERM_CC_DIRECT	GO:0005737~cytoplasm	100	29.1545189504373	0.00220827372678877	ENSG00000150681, ENSG00000215845, ENSG00000142937, ENSG00000117054, ENSG00000054523, ENSG00000257127, ENSG00000057757, ENSG00000142945, ENSG00000142669, ENSG00000130203, ENSG00000108578, ENSG00000173171, ENSG00000158793, ENSG00000117724, ENSG00000174307, ENSG00000162688, ENSG00000116191, ENSG00000123473, ENSG00000069275, ENSG00000131504, ENSG00000117632, ENSG00000197956, ENSG00000117115, ENSG00000168710, ENSG00000170989, ENSG00000117592, ENSG00000169641, ENSG00000266094, ENSG00000156482, ENSG00000143450, ENSG00000089685, ENSG00000162735, ENSG00000179163, ENSG00000092847, ENSG00000163545, ENSG00000123684, ENSG00000132688, ENSG00000090020, ENSG00000154451, ENSG00000134222, ENSG00000083845, ENSG00000197429, ENSG00000143842, ENSG00000116251, ENSG00000121957, ENSG00000122406, ENSG00000000938, ENSG00000143320, ENSG00000041880, ENSG00000066027, ENSG00000077157, ENSG00000137942, ENSG00000173641, ENSG00000097046, ENSG00000158006, ENSG00000065978, ENSG00000122218, ENSG00000143799, ENSG00000117650, ENSG00000143437, ENSG00000225217, ENSG00000160058, ENSG00000121481, ENSG00000142864, ENSG00000136628, ENSG00000264522, ENSG00000155366, ENSG00000088280, ENSG00000130766, ENSG00000066279, ENSG00000132780, ENSG00000117245, ENSG00000126787, ENSG00000142856, ENSG00000156171, ENSG00000079739, ENSG00000148677, ENSG00000162368, ENSG00000123080, ENSG00000180198, ENSG00000133048, ENSG00000177106, ENSG00000117676, ENSG00000189171, ENSG00000163462, ENSG00000163221, ENSG00000162374, ENSG00000132906, ENSG00000143374, ENSG00000183856, ENSG00000176261, ENSG00000137936, ENSG00000198830, ENSG00000157881, ENSG00000116213, ENSG00000079277, ENSG00000117385, ENSG00000116171, ENSG00000182134, ENSG00000142676	282	5634	20587	1.29576759139671	0.551788360181181	0.114514766117761	0.112306492390972
REACTOME_PATHWAY	R-HSA-9662851~Anti-inflammatory response favouring Leishmania parasite infection	7	2.04081632653061	0.00227030990081795	ENSG00000168710, ENSG00000172380, ENSG00000143226, ENSG00000000938, ENSG00000203747, ENSG00000136634, ENSG00000142875	188	79	10946	5.15903582009157	0.854805989350838	0.0839027572041418	0.819285746816914
REACTOME_PATHWAY	R-HSA-9664433~Leishmania parasite growth and survival	7	2.04081632653061	0.00227030990081795	ENSG00000168710, ENSG00000172380, ENSG00000143226, ENSG00000000938, ENSG00000203747, ENSG00000136634, ENSG00000142875	188	79	10946	5.15903582009157	0.854805989350838	0.0839027572041418	0.819285746816914
KEGG_PATHWAY	hsa04145:Phagosome	9	2.62390670553936	0.00252875423956903	ENSG00000163131, ENSG00000143226, ENSG00000072694, ENSG00000162747, ENSG00000169231, ENSG00000116701, ENSG00000203747, ENSG00000159403, ENSG00000143882	129	152	8205	3.76606487148103	0.487490807671303	0.210092781449342	0.208501169468665
GOTERM_BP_DIRECT	GO:0060236~regulation of mitotic spindle organization	4	1.16618075801749	0.00267558853220281	ENSG00000041880, ENSG00000121957, ENSG00000134222, ENSG00000123473	275	20	19357	14.0778181818182	0.989841308195069	0.508956396347912	0.508361821118534
GOTERM_CC_DIRECT	GO:0032133~chromosome passenger complex	3	0.874635568513119	0.00268564656134096	ENSG00000134690, ENSG00000089685, ENSG00000178999	282	6	20587	36.5017730496454	0.623260440905747	0.121861212720846	0.119511271979673
REACTOME_PATHWAY	R-HSA-1640170~Cell Cycle	23	6.70553935860058	0.00353440003723424	ENSG00000152253, ENSG00000174371, ENSG00000154222, ENSG00000123080, ENSG00000180198, ENSG00000066027, ENSG00000260238, ENSG00000077157, ENSG00000117724, ENSG00000175279, ENSG00000097046, ENSG00000173207, ENSG00000177954, ENSG00000178999, ENSG00000117399, ENSG00000117650, ENSG00000143228, ENSG00000134690, ENSG00000160783, ENSG00000142945, ENSG00000142856, ENSG00000089685, ENSG00000184678	188	692	10946	1.93517095068257	0.950511799264281	0.125176667985379	0.122231334621018
GOTERM_CC_DIRECT	GO:0005764~lysosome	12	3.49854227405248	0.00373101958210322	ENSG00000163131, ENSG00000119655, ENSG00000105854, ENSG00000158481, ENSG00000134243, ENSG00000116857, ENSG00000132718, ENSG00000137976, ENSG00000156171, ENSG00000179163, ENSG00000198715, ENSG00000162511	282	310	20587	2.82594371997255	0.742540533377667	0.140629998494946	0.137918125245732
KEGG_PATHWAY	hsa05150:Staphylococcus aureus infection	7	2.04081632653061	0.00378025029029219	ENSG00000143226, ENSG00000072694, ENSG00000162747, ENSG00000203747, ENSG00000159403, ENSG00000136634, ENSG00000173369	129	96	8205	4.63783914728682	0.632075366688445	0.210092781449342	0.208501169468665
GOTERM_MF_DIRECT	GO:0042802~identical protein binding	39	11.3702623906706	0.00391054060308741	ENSG00000158747, ENSG00000105854, ENSG00000116729, ENSG00000215845, ENSG00000211445, ENSG00000197312, ENSG00000177606, ENSG00000173369, ENSG00000168710, ENSG00000163221, ENSG00000143799, ENSG00000118217, ENSG00000057252, ENSG00000143119, ENSG00000117054, ENSG00000117592, ENSG00000266094, ENSG00000132906, ENSG00000089685, ENSG00000136628, ENSG00000158714, ENSG00000108578, ENSG00000130203, ENSG00000196154, ENSG00000154451, ENSG00000117868, ENSG00000159423, ENSG00000159403, ENSG00000143842, ENSG00000116791, ENSG00000116251, ENSG00000121957, ENSG00000132718, ENSG00000155380, ENSG00000162745, ENSG00000270136, ENSG00000142655, ENSG00000143882, ENSG00000123473	272	1698	18913	1.59704972978591	0.866540640983143	0.402003573997385	0.402003573997385
KEGG_PATHWAY	hsa04666:Fc gamma R-mediated phagocytosis	7	2.04081632653061	0.00397902995169209	ENSG00000143226, ENSG00000088280, ENSG00000072694, ENSG00000162747, ENSG00000117461, ENSG00000162407, ENSG00000203747	129	97	8205	4.59002637257253	0.650956729912119	0.210092781449342	0.208501169468665
GOTERM_BP_DIRECT	GO:0090027~negative regulation of monocyte chemotaxis	3	0.874635568513119	0.0040002386127182	ENSG00000158714, ENSG00000158747, ENSG00000270136	275	7	19357	30.1667532467532	0.998957518175692	0.684840850497355	0.684040802774812
REACTOME_PATHWAY	R-HSA-2262752~Cellular responses to stress	25	7.28862973760933	0.0040818997941606	ENSG00000123080, ENSG00000142937, ENSG00000211445, ENSG00000177606, ENSG00000116701, ENSG00000117676, ENSG00000118217, ENSG00000143437, ENSG00000162694, ENSG00000117592, ENSG00000156482, ENSG00000010803, ENSG00000121481, ENSG00000092847, ENSG00000077549, ENSG00000198198, ENSG00000130766, ENSG00000083845, ENSG00000177954, ENSG00000116251, ENSG00000122406, ENSG00000142657, ENSG00000184678, ENSG00000143882, ENSG00000142676	188	789	10946	1.84484804357792	0.968964550975292	0.13235131024928	0.129237161772826
GOTERM_CC_DIRECT	GO:0005783~endoplasmic reticulum	28	8.16326530612245	0.00408398197193925	ENSG00000116729, ENSG00000142937, ENSG00000133048, ENSG00000065978, ENSG00000162692, ENSG00000118217, ENSG00000162694, ENSG00000057252, ENSG00000158481, ENSG00000117691, ENSG00000143418, ENSG00000083444, ENSG00000143771, ENSG00000123684, ENSG00000143554, ENSG00000049239, ENSG00000090020, ENSG00000130203, ENSG00000162736, ENSG00000204160, ENSG00000117643, ENSG00000117862, ENSG00000119655, ENSG00000117385, ENSG00000116171, ENSG00000122406, ENSG00000163399, ENSG00000143320	282	1144	20587	1.78680007935327	0.773615623892336	0.140629998494946	0.137918125245732
REACTOME_PATHWAY	R-HSA-2408522~Selenoamino acid metabolism	8	2.33236151603499	0.00426074007051153	ENSG00000136628, ENSG00000116251, ENSG00000142937, ENSG00000122406, ENSG00000156482, ENSG00000083845, ENSG00000142676, ENSG00000177954	188	119	10946	3.91417843733238	0.973353477186301	0.13235131024928	0.129237161772826
GOTERM_CC_DIRECT	GO:1990904~ribonucleoprotein complex	9	2.62390670553936	0.00426151510590744	ENSG00000136628, ENSG00000162374, ENSG00000116251, ENSG00000142937, ENSG00000122406, ENSG00000083845, ENSG00000240563, ENSG00000092847, ENSG00000065978	282	187	20587	3.51353965183752	0.787802006928607	0.140629998494946	0.137918125245732
REACTOME_PATHWAY	R-HSA-156902~Peptide chain elongation	7	2.04081632653061	0.00435980786703509	ENSG00000116251, ENSG00000142937, ENSG00000122406, ENSG00000156482, ENSG00000083845, ENSG00000142676, ENSG00000177954	188	90	10946	4.52848699763593	0.975511931315997	0.13235131024928	0.129237161772826
REACTOME_PATHWAY	R-HSA-192823~Viral mRNA Translation	7	2.04081632653061	0.00435980786703509	ENSG00000116251, ENSG00000142937, ENSG00000122406, ENSG00000156482, ENSG00000083845, ENSG00000142676, ENSG00000177954	188	90	10946	4.52848699763593	0.975511931315997	0.13235131024928	0.129237161772826
GOTERM_MF_DIRECT	GO:0031625~ubiquitin protein ligase binding	12	3.49854227405248	0.00480107635272306	ENSG00000118217, ENSG00000117592, ENSG00000122406, ENSG00000225217, ENSG00000132718, ENSG00000177606, ENSG00000116688, ENSG00000158864, ENSG00000142875, ENSG00000077152, ENSG00000142676, ENSG00000162511	272	306	18913	2.7267877739331	0.915727207360555	0.411292207549942	0.411292207549942
REACTOME_PATHWAY	R-HSA-8953897~Cellular responses to stimuli	25	7.28862973760933	0.00508096388461813	ENSG00000123080, ENSG00000142937, ENSG00000211445, ENSG00000177606, ENSG00000116701, ENSG00000117676, ENSG00000118217, ENSG00000143437, ENSG00000162694, ENSG00000117592, ENSG00000156482, ENSG00000010803, ENSG00000121481, ENSG00000092847, ENSG00000077549, ENSG00000198198, ENSG00000130766, ENSG00000083845, ENSG00000177954, ENSG00000116251, ENSG00000122406, ENSG00000142657, ENSG00000184678, ENSG00000143882, ENSG00000142676	188	803	10946	1.81268381865875	0.986762936933674	0.143220229865871	0.139850342104321
GOTERM_BP_DIRECT	GO:1902425~positive regulation of attachment of mitotic spindle microtubules to kinetochore	3	0.874635568513119	0.00528396845142805	ENSG00000134690, ENSG00000089685, ENSG00000178999	275	8	19357	26.3959090909091	0.999885557299043	0.822377635349529	0.821416913812905
REACTOME_PATHWAY	R-HSA-156842~Eukaryotic Translation Elongation	7	2.04081632653061	0.00539182041847984	ENSG00000116251, ENSG00000142937, ENSG00000122406, ENSG00000156482, ENSG00000083845, ENSG00000142676, ENSG00000177954	188	94	10946	4.33578542326845	0.989847558127558	0.143220229865871	0.139850342104321
REACTOME_PATHWAY	R-HSA-72764~Eukaryotic Translation Termination	7	2.04081632653061	0.00539182041847984	ENSG00000116251, ENSG00000142937, ENSG00000122406, ENSG00000156482, ENSG00000083845, ENSG00000142676, ENSG00000177954	188	94	10946	4.33578542326845	0.989847558127558	0.143220229865871	0.139850342104321
REACTOME_PATHWAY	R-HSA-2408557~Selenocysteine synthesis	7	2.04081632653061	0.00539182041847984	ENSG00000116251, ENSG00000142937, ENSG00000122406, ENSG00000156482, ENSG00000083845, ENSG00000142676, ENSG00000177954	188	94	10946	4.33578542326845	0.989847558127558	0.143220229865871	0.139850342104321
GOTERM_MF_DIRECT	GO:0004888~transmembrane signaling receptor activity	9	2.62390670553936	0.0056572167393737	ENSG00000143226, ENSG00000181036, ENSG00000072694, ENSG00000162747, ENSG00000187554, ENSG00000121933, ENSG00000203747, ENSG00000162894, ENSG00000162896	272	187	18913	3.34651226800881	0.945853698608152	0.415401343434012	0.415401343434012
REACTOME_PATHWAY	R-HSA-975956~Nonsense Mediated Decay (NMD) independent of the Exon Junction Complex (EJC)	7	2.04081632653061	0.00597011903391368	ENSG00000116251, ENSG00000142937, ENSG00000122406, ENSG00000156482, ENSG00000083845, ENSG00000142676, ENSG00000177954	188	96	10946	4.24545656028369	0.993803816341261	0.153775793297777	0.150157539337829
GOTERM_CC_DIRECT	GO:0032991~macromolecular complex	19	5.53935860058309	0.0061727984999846	ENSG00000180198, ENSG00000132780, ENSG00000177106, ENSG00000143799, ENSG00000117650, ENSG00000117385, ENSG00000085999, ENSG00000134690, ENSG00000143614, ENSG00000121957, ENSG00000116171, ENSG00000122406, ENSG00000162735, ENSG00000132906, ENSG00000089685, ENSG00000163399, ENSG00000142655, ENSG00000142676, ENSG00000162511	282	683	20587	2.03084535268891	0.894354932405956	0.186727154624534	0.183126355499543
KEGG_PATHWAY	hsa05152:Tuberculosis	9	2.62390670553936	0.00701877102806886	ENSG00000163131, ENSG00000203710, ENSG00000143226, ENSG00000072694, ENSG00000162747, ENSG00000143390, ENSG00000132906, ENSG00000203747, ENSG00000136634	129	180	8205	3.18023255813953	0.844247781172323	0.30882592523503	0.30648633489234
REACTOME_PATHWAY	R-HSA-9633012~Response of EIF2AK4 (GCN2) to amino acid deficiency	7	2.04081632653061	0.00797637237548909	ENSG00000116251, ENSG00000142937, ENSG00000122406, ENSG00000156482, ENSG00000083845, ENSG00000142676, ENSG00000177954	188	102	10946	3.99572382144347	0.998885213514882	0.190124643514536	0.185651122490665
REACTOME_PATHWAY	R-HSA-72689~Formation of a pool of free 40S subunits	7	2.04081632653061	0.00797637237548909	ENSG00000116251, ENSG00000142937, ENSG00000122406, ENSG00000156482, ENSG00000083845, ENSG00000142676, ENSG00000177954	188	102	10946	3.99572382144347	0.998885213514882	0.190124643514536	0.185651122490665
REACTOME_PATHWAY	R-HSA-162582~Signal Transduction	60	17.4927113702624	0.00805233784296858	ENSG00000150681, ENSG00000116729, ENSG00000118193, ENSG00000066027, ENSG00000077157, ENSG00000137942, ENSG00000177606, ENSG00000116688, ENSG00000065978, ENSG00000143799, ENSG00000049089, ENSG00000142945, ENSG00000121481, ENSG00000152253, ENSG00000264522, ENSG00000155366, ENSG00000130203, ENSG00000173171, ENSG00000169231, ENSG00000117724, ENSG00000175279, ENSG00000282608, ENSG00000143546, ENSG00000143228, ENSG00000126787, ENSG00000160783, ENSG00000142856, ENSG00000136636, ENSG00000131504, ENSG00000260238, ENSG00000116701, ENSG00000117676, ENSG00000117632, ENSG00000075391, ENSG00000178999, ENSG00000137764, ENSG00000168710, ENSG00000117399, ENSG00000170989, ENSG00000198719, ENSG00000134690, ENSG00000143614, ENSG00000010803, ENSG00000090104, ENSG00000132906, ENSG00000089685, ENSG00000092847, ENSG00000172380, ENSG00000183856, ENSG00000077549, ENSG00000162736, ENSG00000177954, ENSG00000143842, ENSG00000079277, ENSG00000117461, ENSG00000121957, ENSG00000184678, ENSG00000143320, ENSG00000142875, ENSG00000143882	188	2591	10946	1.34828415874919	0.998955386299743	0.190124643514536	0.185651122490665
REACTOME_PATHWAY	R-HSA-168273~Influenza Viral RNA Transcription and Replication	8	2.33236151603499	0.0087258474368169	ENSG00000143799, ENSG00000116251, ENSG00000142937, ENSG00000122406, ENSG00000156482, ENSG00000083845, ENSG00000142676, ENSG00000177954	188	136	10946	3.42490613266583	0.999413158235428	0.20045865733228	0.195741983042109
GOTERM_BP_DIRECT	GO:0051256~mitotic spindle midzone assembly	3	0.874635568513119	0.0100925320345971	ENSG00000134690, ENSG00000089685, ENSG00000178999	275	11	19357	19.1970247933884	0.99999997158479	1	0.999415546464056.
GOTERM_BP_DIRECT	GO:0090267~positive regulation of mitotic cell cycle spindle assembly checkpoint	3	0.874635568513119	0.0119987500991854	ENSG00000134690, ENSG00000089685, ENSG00000178999	275	12	19357	17.5972727272727	0.999999998953866	1	0.999415546464056.
GOTERM_BP_DIRECT	GO:0001818~negative regulation of cytokine production	4	1.16618075801749	0.0121439209276021	ENSG00000072694, ENSG00000213512, ENSG00000132718, ENSG00000136634	275	34	19357	8.28106951871658	0.999999999186667	1	0.999415546464056.
REACTOME_PATHWAY	R-HSA-156827~L13a-mediated translational silencing of Ceruloplasmin expression	7	2.04081632653061	0.0123334141426162	ENSG00000116251, ENSG00000142937, ENSG00000122406, ENSG00000156482, ENSG00000083845, ENSG00000142676, ENSG00000177954	188	112	10946	3.63896276595745	0.999973441919569	0.272969817483702	0.266546998248791
REACTOME_PATHWAY	R-HSA-72706~GTP hydrolysis and joining of the 60S ribosomal subunit	7	2.04081632653061	0.0128456384698213	ENSG00000116251, ENSG00000142937, ENSG00000122406, ENSG00000156482, ENSG00000083845, ENSG00000142676, ENSG00000177954	188	113	10946	3.60675955563924	0.999982902865673	0.272969817483702	0.266546998248791
REACTOME_PATHWAY	R-HSA-1799339~SRP-dependent cotranslational protein targeting to membrane	7	2.04081632653061	0.0128456384698213	ENSG00000116251, ENSG00000142937, ENSG00000122406, ENSG00000156482, ENSG00000083845, ENSG00000142676, ENSG00000177954	188	113	10946	3.60675955563924	0.999982902865673	0.272969817483702	0.266546998248791
GOTERM_CC_DIRECT	GO:0010369~chromocenter	3	0.874635568513119	0.0131121462410305	ENSG00000134690, ENSG00000010803, ENSG00000178999	282	13	20587	16.8469721767594	0.991697425018919	0.325839472540175	0.319556066733615
GOTERM_MF_DIRECT	GO:0008017~microtubule binding	10	2.91545189504373	0.0135603419801176	ENSG00000117245, ENSG00000143546, ENSG00000118193, ENSG00000054523, ENSG00000134222, ENSG00000126787, ENSG00000142945, ENSG00000117724, ENSG00000089685, ENSG00000142655	272	262	18913	2.65393466546924	0.999104121082975	0.871251972222559	0.871251972222559
GOTERM_CC_DIRECT	GO:0030496~midbody	8	2.33236151603499	0.0137803467455289	ENSG00000117650, ENSG00000134690, ENSG00000118193, ENSG00000066279, ENSG00000134222, ENSG00000117724, ENSG00000089685, ENSG00000178999	282	185	20587	3.15691010159095	0.993507140840333	0.325839472540175	0.319556066733615
GOTERM_CC_DIRECT	GO:0016020~membrane	67	19.533527696793	0.0140331069086474	ENSG00000142937, ENSG00000118193, ENSG00000066027, ENSG00000119285, ENSG00000001461, ENSG00000122218, ENSG00000143799, ENSG00000142583, ENSG00000117691, ENSG00000143195, ENSG00000142945, ENSG00000072818, ENSG00000142864, ENSG00000185436, ENSG00000143554, ENSG00000136628, ENSG00000134207, ENSG00000158714, ENSG00000130203, ENSG00000173171, ENSG00000134243, ENSG00000158156, ENSG00000134247, ENSG00000117643, ENSG00000111181, ENSG00000143303, ENSG00000143228, ENSG00000121933, ENSG00000142856, ENSG00000142655, ENSG00000162407, ENSG00000164509, ENSG00000169241, ENSG00000116701, ENSG00000134256, ENSG00000117632, ENSG00000162692, ENSG00000162374, ENSG00000118217, ENSG00000117594, ENSG00000057252, ENSG00000117592, ENSG00000169641, ENSG00000143418, ENSG00000169442, ENSG00000156482, ENSG00000186501, ENSG00000148344, ENSG00000123684, ENSG00000090020, ENSG00000177675, ENSG00000077549, ENSG00000162736, ENSG00000154451, ENSG00000137936, ENSG00000213512, ENSG00000117868, ENSG00000083845, ENSG00000198715, ENSG00000117385, ENSG00000163393, ENSG00000116171, ENSG00000122406, ENSG00000155380, ENSG00000163399, ENSG00000162542, ENSG00000142676	282	3739	20587	1.30816731442966	0.994084020506831	0.325839472540175	0.319556066733615
GOTERM_BP_DIRECT	GO:0001819~positive regulation of cytokine production	5	1.45772594752187	0.0142554251196254	ENSG00000205846, ENSG00000187554, ENSG00000000938, ENSG00000136634, ENSG00000189171	275	66	19357	5.33250688705234	0.999999999979183	1	0.999415546464056.
REACTOME_PATHWAY	R-HSA-927802~Nonsense-Mediated Decay (NMD)	7	2.04081632653061	0.0144716834230121	ENSG00000116251, ENSG00000142937, ENSG00000122406, ENSG00000156482, ENSG00000083845, ENSG00000142676, ENSG00000177954	188	116	10946	3.51348129126926	0.99999578233641	0.292879307370483	0.285988029550001
REACTOME_PATHWAY	R-HSA-975957~Nonsense Mediated Decay (NMD) enhanced by the Exon Junction Complex (EJC)	7	2.04081632653061	0.0144716834230121	ENSG00000116251, ENSG00000142937, ENSG00000122406, ENSG00000156482, ENSG00000083845, ENSG00000142676, ENSG00000177954	188	116	10946	3.51348129126926	0.99999578233641	0.292879307370483	0.285988029550001
KEGG_PATHWAY	hsa04380:Osteoclast differentiation	7	2.04081632653061	0.0147995446494165	ENSG00000143226, ENSG00000072694, ENSG00000162747, ENSG00000117461, ENSG00000116701, ENSG00000177606, ENSG00000203747	129	128	8205	3.47837936046512	0.980479298162245	0.46573182613752	0.462203554727387
KEGG_PATHWAY	hsa03010:Ribosome	8	2.33236151603499	0.0149639893299598	ENSG00000143436, ENSG00000116251, ENSG00000142937, ENSG00000122406, ENSG00000156482, ENSG00000083845, ENSG00000142676, ENSG00000177954	129	166	8205	3.0652843933875	0.981320880205923	0.46573182613752	0.462203554727387
GOTERM_BP_DIRECT	GO:0000281~mitotic cytokinesis	5	1.45772594752187	0.0149962143972277	ENSG00000155366, ENSG00000134690, ENSG00000089685, ENSG00000117632, ENSG00000178999	275	67	19357	5.25291723202171	0.999999999994257	1	0.999415546464056.
GOTERM_CC_DIRECT	GO:0005819~spindle	7	2.04081632653061	0.0156770697403474	ENSG00000117399, ENSG00000066279, ENSG00000134222, ENSG00000142945, ENSG00000117724, ENSG00000178999, ENSG00000137764	282	147	20587	3.47635933806147	0.996771880223962	0.325839472540175	0.319556066733615
GOTERM_CC_DIRECT	GO:0005654~nucleoplasm	70	20.4081632653061	0.0159276592840226	ENSG00000174371, ENSG00000041880, ENSG00000198860, ENSG00000143390, ENSG00000142937, ENSG00000077157, ENSG00000119285, ENSG00000177606, ENSG00000117614, ENSG00000173641, ENSG00000097046, ENSG00000173207, ENSG00000189195, ENSG00000077152, ENSG00000065978, ENSG00000143799, ENSG00000117650, ENSG00000143437, ENSG00000121481, ENSG00000143476, ENSG00000088280, ENSG00000117724, ENSG00000132780, ENSG00000175279, ENSG00000116990, ENSG00000143228, ENSG00000160783, ENSG00000142856, ENSG00000148677, ENSG00000162368, ENSG00000069275, ENSG00000154222, ENSG00000180198, ENSG00000197312, ENSG00000143409, ENSG00000260238, ENSG00000117118, ENSG00000159479, ENSG00000158864, ENSG00000117676, ENSG00000178999, ENSG00000189171, ENSG00000097021, ENSG00000117399, ENSG00000170989, ENSG00000118217, ENSG00000162694, ENSG00000125945, ENSG00000134690, ENSG00000143614, ENSG00000010803, ENSG00000143450, ENSG00000162735, ENSG00000089685, ENSG00000092847, ENSG00000090020, ENSG00000176261, ENSG00000134222, ENSG00000083845, ENSG00000177954, ENSG00000143842, ENSG00000085999, ENSG00000079277, ENSG00000116171, ENSG00000122406, ENSG00000184678, ENSG00000143320, ENSG00000215695, ENSG00000142875, ENSG00000142676	282	3962	20587	1.28981530210761	0.997056865046129	0.325839472540175	0.319556066733615
GOTERM_CC_DIRECT	GO:0015630~microtubule cytoskeleton	8	2.33236151603499	0.0161573292168682	ENSG00000134690, ENSG00000116857, ENSG00000134222, ENSG00000142945, ENSG00000169607, ENSG00000089685, ENSG00000116688, ENSG00000178999	282	191	20587	3.05774015075563	0.997295962933143	0.325839472540175	0.319556066733615
GOTERM_BP_DIRECT	GO:0008608~attachment of spindle microtubules to kinetochore	3	0.874635568513119	0.0162389177322345	ENSG00000152253, ENSG00000143228, ENSG00000178999	275	14	19357	15.0833766233766	0.999999999999339	1	0.999415546464056.
REACTOME_PATHWAY	R-HSA-72737~Cap-dependent Translation Initiation	7	2.04081632653061	0.0168557355357205	ENSG00000116251, ENSG00000142937, ENSG00000122406, ENSG00000156482, ENSG00000083845, ENSG00000142676, ENSG00000177954	188	120	10946	3.39636524822695	0.999999460433223	0.323383132806789	0.315774117917217
REACTOME_PATHWAY	R-HSA-72613~Eukaryotic Translation Initiation	7	2.04081632653061	0.0168557355357205	ENSG00000116251, ENSG00000142937, ENSG00000122406, ENSG00000156482, ENSG00000083845, ENSG00000142676, ENSG00000177954	188	120	10946	3.39636524822695	0.999999460433223	0.323383132806789	0.315774117917217
REACTOME_PATHWAY	R-HSA-2029481~FCGR activation	3	0.874635568513119	0.0171202835015359	ENSG00000143226, ENSG00000000938, ENSG00000203747	188	12	10946	14.5558510638298	0.999999570645095	0.323383132806789	0.315774117917217
GOTERM_BP_DIRECT	GO:0050776~regulation of immune response	4	1.16618075801749	0.0176144883923546	ENSG00000143226, ENSG00000072694, ENSG00000162747, ENSG00000203747	275	39	19357	7.21939393939394	0.99999999999994	1	0.999415546464056.
GOTERM_BP_DIRECT	GO:0015914~phospholipid transport	4	1.16618075801749	0.0176144883923546	ENSG00000119655, ENSG00000143515, ENSG00000116171, ENSG00000104043	275	39	19357	7.21939393939394	0.99999999999994	1	0.999415546464056.
KEGG_PATHWAY	hsa05207:Chemical carcinogenesis - receptor activation	9	2.62390670553936	0.0176491154880918	ENSG00000198719, ENSG00000143437, ENSG00000117461, ENSG00000177606, ENSG00000143819, ENSG00000089685, ENSG00000142875, ENSG00000117676, ENSG00000284214	129	212	8205	2.70019745502413	0.99091357390555	0.46573182613752	0.462203554727387
REACTOME_PATHWAY	R-HSA-168255~Influenza Infection	8	2.33236151603499	0.0181099005107584	ENSG00000143799, ENSG00000116251, ENSG00000142937, ENSG00000122406, ENSG00000156482, ENSG00000083845, ENSG00000142676, ENSG00000177954	188	157	10946	2.96679766906085	0.99999981744826	0.334639465959665	0.326765596172379
GOTERM_BP_DIRECT	GO:0051382~kinetochore assembly	3	0.874635568513119	0.0185641042440678	ENSG00000126787, ENSG00000117724, ENSG00000175279	275	15	19357	14.0778181818182	0.999999999999988	1	0.999415546464056.
REACTOME_PATHWAY	R-HSA-1474290~Collagen formation	6	1.74927113702624	0.0188549464282685	ENSG00000171812, ENSG00000163131, ENSG00000117385, ENSG00000083444, ENSG00000049089, ENSG00000198756	188	90	10946	3.88156028368794	0.999999904169737	0.3409937120006	0.332970330541763
KEGG_PATHWAY	hsa04210:Apoptosis	7	2.04081632653061	0.01940549275573	ENSG00000163131, ENSG00000143799, ENSG00000041880, ENSG00000117461, ENSG00000177606, ENSG00000132906, ENSG00000089685	129	136	8205	3.27376880984952	0.994334784348397	0.46573182613752	0.462203554727387
KEGG_PATHWAY	hsa05322:Systemic lupus erythematosus	7	2.04081632653061	0.01940549275573	ENSG00000143226, ENSG00000162747, ENSG00000203747, ENSG00000159403, ENSG00000184678, ENSG00000136634, ENSG00000173369	129	136	8205	3.27376880984952	0.994334784348397	0.46573182613752	0.462203554727387
GOTERM_MF_DIRECT	GO:0003735~structural constituent of ribosome	8	2.33236151603499	0.0199329870534496	ENSG00000143436, ENSG00000116251, ENSG00000142937, ENSG00000122406, ENSG00000156482, ENSG00000083845, ENSG00000142676, ENSG00000177954	272	190	18913	2.92770897832817	0.999967976647516	1	1..
GOTERM_BP_DIRECT	GO:0007080~mitotic metaphase plate congression	4	1.16618075801749	0.0214543783270693	ENSG00000134690, ENSG00000118193, ENSG00000134222, ENSG00000142945	275	42	19357	6.70372294372294	1	1	0.999415546464056..
GOTERM_MF_DIRECT	GO:0050661~NADP binding	4	1.16618075801749	0.0221425180387442	ENSG00000049239, ENSG00000117594, ENSG00000177000, ENSG00000142657	272	42	18913	6.62219887955182	0.999989962179767	1	1..
REACTOME_PATHWAY	R-HSA-9658195~Leishmania infection	8	2.33236151603499	0.022413189804874	ENSG00000168710, ENSG00000172380, ENSG00000143226, ENSG00000000938, ENSG00000177606, ENSG00000203747, ENSG00000136634, ENSG00000142875	188	164	10946	2.84016606123508	0.999999995615925	0.396900236127976	0.387561407042612
GOTERM_BP_DIRECT	GO:0098869~cellular oxidant detoxification	5	1.45772594752187	0.022762324784578	ENSG00000130203, ENSG00000130766, ENSG00000117592, ENSG00000211445, ENSG00000148344	275	76	19357	4.63086124401914	1	1	0.999415546464056..
GOTERM_CC_DIRECT	GO:0005856~cytoskeleton	14	4.08163265306122	0.0232296666217246	ENSG00000077549, ENSG00000155366, ENSG00000134222, ENSG00000077157, ENSG00000137942, ENSG00000158710, ENSG00000203710, ENSG00000163462, ENSG00000143546, ENSG00000163221, ENSG00000162374, ENSG00000271810, ENSG00000000938	282	509	20587	2.00795608131645	0.999802910618886	0.443808893878212	0.435250595649156
REACTOME_PATHWAY	R-HSA-72312~rRNA processing	9	2.62390670553936	0.0244330888256993	ENSG00000116251, ENSG00000142937, ENSG00000117481, ENSG00000122406, ENSG00000156482, ENSG00000119285, ENSG00000083845, ENSG00000142676, ENSG00000177954	188	205	10946	2.55614945511157	0.999999999242739	0.423839295956008	0.413866606639396
GOTERM_CC_DIRECT	GO:0048471~perinuclear region of cytoplasm	18	5.24781341107872	0.0244973982694451	ENSG00000090020, ENSG00000196154, ENSG00000154451, ENSG00000215845, ENSG00000134243, ENSG00000169231, ENSG00000158156, ENSG00000117724, ENSG00000133048, ENSG00000197956, ENSG00000189171, ENSG00000117399, ENSG00000117592, ENSG00000158286, ENSG00000148344, ENSG00000162520, ENSG00000142864, ENSG00000162511	282	735	20587	1.78784194528875	0.999876995549592	0.444627778590428	0.436053689196123
GOTERM_MF_DIRECT	GO:0000062~fatty-acyl-CoA binding	3	0.874635568513119	0.0269091838763219	ENSG00000057252, ENSG00000116171, ENSG00000097021	272	18	18913	11.5888480392157	0.999999185606836	1	1..
GOTERM_CC_DIRECT	GO:0012505~endomembrane system	7	2.04081632653061	0.0273349567552067	ENSG00000116729, ENSG00000143515, ENSG00000117691, ENSG00000188404, ENSG00000169241, ENSG00000104043, ENSG00000123684	282	167	20587	3.06002887841339	0.999957275125352	0.472504252482858	0.463392600231123
REACTOME_PATHWAY	R-HSA-1650814~Collagen biosynthesis and modifying enzymes	5	1.45772594752187	0.0274527456823459	ENSG00000171812, ENSG00000117385, ENSG00000083444, ENSG00000049089, ENSG00000198756	188	67	10946	4.3450301683074	0.999999999945525	0.463348110915655	0.452445802423522
REACTOME_PATHWAY	R-HSA-71291~Metabolism of amino acids and derivatives	13	3.79008746355685	0.0278008866549393	ENSG00000136628, ENSG00000215845, ENSG00000142937, ENSG00000083845, ENSG00000159423, ENSG00000171766, ENSG00000177954, ENSG00000111181, ENSG00000116251, ENSG00000122406, ENSG00000156482, ENSG00000143450, ENSG00000142676	188	376	10946	2.01304323223178	0.999999999959804	0.463348110915655	0.452445802423522
GOTERM_BP_DIRECT	GO:0021693~cerebellar Purkinje cell layer structural organization	2	0.583090379008746	0.0281105265193604	ENSG00000198719, ENSG00000118193	275	2	19357	70.3890909090909	1	1	0.999415546464056..
GOTERM_MF_DIRECT	GO:0019772~low-affinity IgG receptor activity	2	0.583090379008746	0.0284529703338968	ENSG00000072694, ENSG00000203747	272	2	18913	69.5330882352941	0.999999639912734	1	1..
GOTERM_CC_DIRECT	GO:0005840~ribosome	7	2.04081632653061	0.0302071053627368	ENSG00000143436, ENSG00000116251, ENSG00000142937, ENSG00000122406, ENSG00000083845, ENSG00000142676, ENSG00000177954	282	171	20587	2.98844925552652	0.999985395852148	0.479530784725998	0.470283634607315
GOTERM_CC_DIRECT	GO:0005789~endoplasmic reticulum membrane	24	6.99708454810496	0.030469379892953	ENSG00000155366, ENSG00000090020, ENSG00000116729, ENSG00000162407, ENSG00000134243, ENSG00000117868, ENSG00000099377, ENSG00000143819, ENSG00000134247, ENSG00000158006, ENSG00000122218, ENSG00000168710, ENSG00000162430, ENSG00000118217, ENSG00000057252, ENSG00000162694, ENSG00000117594, ENSG00000143515, ENSG00000143418, ENSG00000083444, ENSG00000143195, ENSG00000148344, ENSG00000143771, ENSG00000123684	282	1108	20587	1.58130424763807	0.999986761606706	0.479530784725998	0.470283634607315
GOTERM_BP_DIRECT	GO:0035994~response to muscle stretch	3	0.874635568513119	0.0320741938506386	ENSG00000090020, ENSG00000177606, ENSG00000148677	275	20	19357	10.5583636363636	1	1	0.999415546464056..
GOTERM_CC_DIRECT	GO:0005871~kinesin complex	4	1.16618075801749	0.0323936549651307	ENSG00000117245, ENSG00000118193, ENSG00000054523, ENSG00000142945	282	51	20587	5.725768321513	0.999993563780507	0.479530784725998	0.470283634607315
GOTERM_CC_DIRECT	GO:0005576~extracellular region	40	11.6618075801749	0.0331083633105576	ENSG00000124491, ENSG00000158747, ENSG00000105854, ENSG00000162747, ENSG00000118292, ENSG00000211445, ENSG00000133048, ENSG00000136634, ENSG00000197956, ENSG00000173369, ENSG00000065978, ENSG00000117115, ENSG00000189171, ENSG00000171812, ENSG00000163221, ENSG00000162694, ENSG00000198719, ENSG00000117592, ENSG00000169442, ENSG00000049089, ENSG00000179163, ENSG00000162894, ENSG00000130203, ENSG00000177675, ENSG00000196154, ENSG00000169231, ENSG00000137976, ENSG00000159403, ENSG00000158710, ENSG00000132122, ENSG00000104918, ENSG00000116774, ENSG00000119655, ENSG00000163131, ENSG00000143369, ENSG00000143546, ENSG00000000938, ENSG00000162688, ENSG00000162745, ENSG00000079739	282	2119	20587	1.37807543368175	0.999995077987	0.479530784725998	0.470283634607315
GOTERM_BP_DIRECT	GO:0006635~fatty acid beta-oxidation	4	1.16618075801749	0.0337484333549614	ENSG00000117054, ENSG00000130766, ENSG00000116171, ENSG00000121310	275	50	19357	5.63112727272727	1	1	0.999415546464056..
GOTERM_BP_DIRECT	GO:0030865~cortical cytoskeleton organization	3	0.874635568513119	0.0351252544584799	ENSG00000155366, ENSG00000271810	275	21	19357	10.0555844155844	1	1	0.999415546464056..
GOTERM_BP_DIRECT	GO:0045088~regulation of innate immune response	3	0.874635568513119	0.0351252544584799	ENSG00000130203, ENSG00000072694, ENSG00000000938	275	21	19357	10.0555844155844	1	1	0.999415546464056..
GOTERM_CC_DIRECT	GO:0035578~azurophil granule lumen	5	1.45772594752187	0.0360676342145741	ENSG00000119655, ENSG00000117592, ENSG00000179163, ENSG00000117115, ENSG00000104918	282	91	20587	4.01118385160938	0.999998382284017	0.479530784725998	0.470283634607315
GOTERM_CC_DIRECT	GO:0005634~nucleus	97	28.2798833819242	0.0361913491836077	ENSG00000174371, ENSG00000198860, ENSG00000215845, ENSG00000142937, ENSG00000117614, ENSG00000189195, ENSG00000117054, ENSG00000143195, ENSG00000057757, ENSG00000142945, ENSG00000143476, ENSG00000130203, ENSG00000108578, ENSG00000196154, ENSG00000158793, ENSG00000117724, ENSG00000126106, ENSG00000162688, ENSG00000142657, ENSG00000142655, ENSG00000162444, ENSG00000069275, ENSG00000154222, ENSG00000131504, ENSG00000159479, ENSG00000197956, ENSG00000117115, ENSG00000178999, ENSG00000143614, ENSG00000117592, ENSG00000169641, ENSG00000266094, ENSG00000156482, ENSG00000143450, ENSG00000089685, ENSG00000162735, ENSG00000092847, ENSG00000143178, ENSG00000177954, ENSG00000143842, ENSG00000163156, ENSG00000085999, ENSG00000116251, ENSG00000122406, ENSG00000143320, ENSG00000142875, ENSG00000041880, ENSG00000143390, ENSG00000118193, ENSG00000066027, ENSG00000177606, ENSG00000173641, ENSG00000097046, ENSG00000065978, ENSG00000077152, ENSG00000143799, ENSG00000117650, ENSG00000143437, ENSG00000225217, ENSG00000121481, ENSG00000142864, ENSG00000152253, ENSG00000264522, ENSG00000155366, ENSG00000130766, ENSG00000066279, ENSG00000132780, ENSG00000116830, ENSG00000143546, ENSG00000126787, ENSG00000142856, ENSG00000148677, ENSG00000162368, ENSG00000105854, ENSG00000123080, ENSG00000180198, ENSG00000196420, ENSG00000024526, ENSG00000189171, ENSG00000137764, ENSG00000189057, ENSG00000204219, ENSG00000163221, ENSG00000118217, ENSG00000143418, ENSG00000010803, ENSG00000185499, ENSG00000132906, ENSG00000176261, ENSG00000198830, ENSG00000157881, ENSG00000104918, ENSG00000198715, ENSG00000143401, ENSG00000079277, ENSG00000117385, ENSG00000184678	282	5991	20587	1.181996990758	0.999998455927521	0.479530784725998	0.470283634607315
GOTERM_CC_DIRECT	GO:0005887~integral component of plasma membrane	29	8.45481049562682	0.0369886004747326	ENSG00000162747, ENSG00000162407, ENSG00000117335, ENSG00000162692, ENSG00000198719, ENSG00000142583, ENSG00000143119, ENSG00000158481, ENSG00000143515, ENSG00000187554, ENSG00000188404, ENSG00000185499, ENSG00000203747, ENSG00000185436, ENSG00000162896, ENSG00000162511, ENSG00000090020, ENSG00000181036, ENSG00000162736, ENSG00000066056, ENSG00000072694, ENSG00000117868, ENSG00000282608, ENSG00000203710, ENSG00000111181, ENSG00000143226, ENSG00000121933, ENSG00000132718, ENSG00000155380	282	1438	20587	1.47225510214147	0.99999885657315	0.479530784725998	0.470283634607315
REACTOME_PATHWAY	R-HSA-6785807~Interleukin-4 and Interleukin-13 signaling	6	1.74927113702624	0.0375394441499484	ENSG00000124491, ENSG00000162692, ENSG00000170989, ENSG00000185499, ENSG00000089685, ENSG00000136634	188	108	10946	3.23463356973995	0.999999999999992	0.613625529374156	0.599187281624176
GOTERM_BP_DIRECT	GO:0006412~translation	8	2.33236151603499	0.0385308406773068	ENSG00000143436, ENSG00000116251, ENSG00000142937, ENSG00000122406, ENSG00000156482, ENSG00000083845, ENSG00000142676, ENSG00000177954	275	221	19357	2.54802139037433	1	1	0.999415546464056..
GOTERM_MF_DIRECT	GO:0004602~glutathione peroxidase activity	3	0.874635568513119	0.0391391565821252	ENSG00000117592, ENSG00000211445, ENSG00000148344	272	22	18913	9.48178475935829	0.999999998776808	1	1..
REACTOME_PATHWAY	R-HSA-6791226~Major pathway of rRNA processing in the nucleolus and cytosol	8	2.33236151603499	0.0394182470752271	ENSG00000116251, ENSG00000142937, ENSG00000122406, ENSG00000156482, ENSG00000119285, ENSG00000083845, ENSG00000142676, ENSG00000177954	188	185	10946	2.51776883266245	0.999999999999999	0.632179434225341	0.617304624008274
GOTERM_BP_DIRECT	GO:0030592~DNA ADP-ribosylation	2	0.583090379008746	0.0418691271785452	ENSG00000143799, ENSG00000041880	275	3	19357	46.9260606060606	1	1	0.999415546464056..
KEGG_PATHWAY	hsa05144:Malaria	4	1.16618075801749	0.0427323273099449	ENSG00000203710, ENSG00000162692, ENSG00000169231, ENSG00000136634	129	50	8205	5.08837209302326	0.999990164063508	0.850032654038582	0.843593012720108
GOTERM_MF_DIRECT	GO:0005509~calcium ion binding	18	5.24781341107872	0.0430638621423075	ENSG00000134207, ENSG00000196154, ENSG00000196420, ENSG00000169231, ENSG00000117868, ENSG00000159403, ENSG00000197956, ENSG00000117115, ENSG00000117643, ENSG00000159658, ENSG00000189171, ENSG00000143546, ENSG00000163221, ENSG00000198719, ENSG00000162430, ENSG00000205846, ENSG00000188404, ENSG00000132718	272	751	18913	1.66657202161823	0.999999999850776	1	1..
GOTERM_CC_DIRECT	GO:0005813~centrosome	14	4.08163265306122	0.0438424944033608	ENSG00000066279, ENSG00000066027, ENSG00000117724, ENSG00000116213, ENSG00000117399, ENSG00000117650, ENSG00000121957, ENSG00000169641, ENSG00000142945, ENSG00000155380, ENSG00000169607, ENSG00000123473, ENSG00000142875, ENSG00000143476	282	558	20587	1.83163018887109	0.999999914456666	0.52481638744612	0.514695961241925
KEGG_PATHWAY	hsa04979:Cholesterol metabolism	4	1.16618075801749	0.0449018823909707	ENSG00000119655, ENSG00000130203, ENSG00000057252, ENSG00000134243	129	51	8205	4.98860009119927	0.999994596575001	0.850032654038582	0.843593012720108
GOTERM_BP_DIRECT	GO:0007031~peroxisome organization	3	0.874635568513119	0.044908922277283	ENSG00000116171, ENSG00000162735, ENSG00000142655	275	24	19357	8.79863636363636	1	1	0.999415546464056..
KEGG_PATHWAY	hsa04610:Complement and coagulation cascades	5	1.45772594752187	0.0450774892293188	ENSG00000124491, ENSG00000203710, ENSG00000159403, ENSG00000117335, ENSG00000173369	129	86	8205	3.69794483504597	0.999994852615003	0.850032654038582	0.843593012720108
REACTOME_PATHWAY	R-HSA-5625900~RHO GTPases activate CIT	3	0.874635568513119	0.0450901501804141	ENSG00000155366, ENSG00000118193, ENSG00000077157	188	20	10946	8.73351063829787	1	0.709752363950962	0.693052308328586.
GOTERM_CC_DIRECT	GO:0051233~spindle midzone	3	0.874635568513119	0.0453185210991201	ENSG00000134690, ENSG00000118193, ENSG00000178999	282	25	20587	8.76042553191489	0.999999951175873	0.52481638744612	0.514695961241925
GOTERM_MF_DIRECT	GO:0070412~R-SMAD binding	3	0.874635568513119	0.0459022238731118	ENSG00000143799, ENSG00000177606, ENSG00000148677	272	24	18913	8.69163602941176	0.999999999967585	1	1..
REACTOME_PATHWAY	R-HSA-977606~Regulation of Complement cascade	4	1.16618075801749	0.0459799903718049	ENSG00000203710, ENSG00000159403, ENSG00000117335, ENSG00000173369	188	47	10946	4.95518334087823	1	0.710599851200622	0.693879854701783.
GOTERM_CC_DIRECT	GO:0022625~cytosolic large ribosomal subunit	4	1.16618075801749	0.0467479162895726	ENSG00000116251, ENSG00000122406, ENSG00000156482, ENSG00000142676	282	59	20587	4.94939295588412	0.999999971658811	0.52481638744612	0.514695961241925
GOTERM_CC_DIRECT	GO:0072562~blood microparticle	6	1.74927113702624	0.0489401847319868	ENSG00000124491, ENSG00000130203, ENSG00000225217, ENSG00000143450, ENSG00000159403, ENSG00000173369	282	145	20587	3.02083639031548	0.99999998771308	0.52481638744612	0.514695961241925
REACTOME_PATHWAY	R-HSA-8868773~rRNA processing in the nucleus and cytosol	8	2.33236151603499	0.0499144684213523	ENSG00000116251, ENSG00000142937, ENSG00000122406, ENSG00000156482, ENSG00000119285, ENSG00000083845, ENSG00000142676, ENSG00000177954	188	195	10946	2.3886524822695	1	0.757630324252669	0.7398037283879.
REACTOME_PATHWAY	R-HSA-9012852~Signaling by NOTCH3	4	1.16618075801749	0.0509830799177707	ENSG00000198719, ENSG00000162736, ENSG00000126787, ENSG00000065978	188	49	10946	4.75293095961789	1	0.760273998773774	0.742385198802626.
GOTERM_CC_DIRECT	GO:0030667~secretory granule membrane	5	1.45772594752187	0.0511731529345423	ENSG00000203710, ENSG00000143226, ENSG00000131504, ENSG00000162747, ENSG00000188404	282	102	20587	3.57860520094563	0.999999994765585	0.52481638744612	0.514695961241925
GOTERM_CC_DIRECT	GO:0070382~exocytic vesicle	3	0.874635568513119	0.0520939830510446	ENSG00000134207, ENSG00000132718, ENSG00000142765	282	27	20587	8.11150512214342	0.999999996320434	0.52481638744612	0.514695961241925
GOTERM_CC_DIRECT	GO:0042383~sarcolemma	5	1.45772594752187	0.0526940236307909	ENSG00000162692, ENSG00000142583, ENSG00000162736, ENSG00000163399, ENSG00000162520	282	103	20587	3.54386146113062	0.999999997076045	0.52481638744612	0.514695961241925
GOTERM_CC_DIRECT	GO:0000818~nuclear MIS12/MIND complex	2	0.583090379008746	0.0534936813650315	ENSG00000260238, ENSG00000160783	282	4	20587	36.5017730496454	0.999999997848027	0.52481638744612	0.514695961241925
GOTERM_CC_DIRECT	GO:0031262~Ndc80 complex	2	0.583090379008746	0.0534936813650315	ENSG00000152253, ENSG00000143228	282	4	20587	36.5017730496454	0.999999997848027	0.52481638744612	0.514695961241925
GOTERM_MF_DIRECT	GO:0003777~microtubule motor activity	4	1.16618075801749	0.0548138998190502	ENSG00000117245, ENSG00000118193, ENSG00000054523, ENSG00000142945	272	60	18913	4.63553921568627	0.999999999999739	1	1..
KEGG_PATHWAY	hsa04142:Lysosome	6	1.74927113702624	0.0552016237649131	ENSG00000163131, ENSG00000119655, ENSG00000134243, ENSG00000137976, ENSG00000179163, ENSG00000162511	129	132	8205	2.89112050739958	0.999999691302944	0.97154857826247	0.964188361760482
GOTERM_BP_DIRECT	GO:0009051~pentose-phosphate shunt, oxidative branch	2	0.583090379008746	0.0554336543608253	ENSG00000049239, ENSG00000142657	275	4	19357	35.1945454545455	1	1	0.999415546464056..
GOTERM_BP_DIRECT	GO:0042986~positive regulation of amyloid precursor protein biosynthetic process	2	0.583090379008746	0.0554336543608253	ENSG00000057252, ENSG00000162736	275	4	19357	35.1945454545455	1	1	0.999415546464056..
GOTERM_BP_DIRECT	GO:0038098~sequestering of BMP from receptor via BMP binding	2	0.583090379008746	0.0554336543608253	ENSG00000158747, ENSG00000270136	275	4	19357	35.1945454545455	1	1	0.999415546464056..
GOTERM_BP_DIRECT	GO:0019439~aromatic compound catabolic process	2	0.583090379008746	0.0554336543608253	ENSG00000105854, ENSG00000143819	275	4	19357	35.1945454545455	1	1	0.999415546464056..
GOTERM_BP_DIRECT	GO:0033344~cholesterol efflux	3	0.874635568513119	0.0555645903685001	ENSG00000119655, ENSG00000130203, ENSG00000057252	275	27	19357	7.8210101010101	1	1	0.999415546464056..
GOTERM_MF_DIRECT	GO:0008574~ATP-dependent microtubule motor activity, plus-end-directed	3	0.874635568513119	0.0567750048058725	ENSG00000117245, ENSG00000118193, ENSG00000054523	272	27	18913	7.72589869281046	0.99999999999991	1	1..
GOTERM_MF_DIRECT	GO:0008022~protein C-terminus binding	7	2.04081632653061	0.0578453557339772	ENSG00000117399, ENSG00000143369, ENSG00000121957, ENSG00000116701, ENSG00000117724, ENSG00000142856, ENSG00000173641	272	191	18913	2.54833307668617	0.99999999999995	1	1..
KEGG_PATHWAY	hsa00480:Glutathione metabolism	4	1.16618075801749	0.0590352386526591	ENSG00000117592, ENSG00000211445, ENSG00000142657, ENSG00000117862	129	57	8205	4.46348429212566	0.999999894472186	0.974081437768875	0.966702032937293
GOTERM_BP_DIRECT	GO:0042832~defense response to protozoan	3	0.874635568513119	0.0592945971032253	ENSG00000213512, ENSG00000136634, ENSG00000183347	275	28	19357	7.54168831168831	1	1	0.999415546464056..
GOTERM_BP_DIRECT	GO:0000278~mitotic cell cycle	6	1.74927113702624	0.0595649196948635	ENSG00000117650, ENSG00000134690, ENSG00000117724, ENSG00000089685, ENSG00000121481, ENSG00000178999	275	148	19357	2.85361179361179	1	1	0.999415546464056..
GOTERM_MF_DIRECT	GO:0042803~protein homodimerization activity	17	4.95626822157434	0.0603978591019582	ENSG00000136628, ENSG00000134207, ENSG00000130203, ENSG00000154451, ENSG00000213512, ENSG00000196420, ENSG00000117724, ENSG00000197956, ENSG00000117115, ENSG00000097021, ENSG00000189171, ENSG00000143799, ENSG00000143437, ENSG00000117594, ENSG00000089685, ENSG00000143374, ENSG00000183347	272	728	18913	1.62371222527473	0.999999999999988	1	1..
GOTERM_CC_DIRECT	GO:0031234~extrinsic component of cytoplasmic side of plasma membrane	4	1.16618075801749	0.0614560107557543	ENSG00000000938, ENSG00000117868, ENSG00000090104, ENSG00000197956	282	66	20587	4.42445733935096	0.999999999899762	0.587066629061547	0.575745784974961
GOTERM_BP_DIRECT	GO:0043123~positive regulation of I-kappaB kinase/NF-kappaB signaling	7	2.04081632653061	0.0629632849570741	ENSG00000143369, ENSG00000155366, ENSG00000163221, ENSG00000205846, ENSG00000116729, ENSG00000196154, ENSG00000189171	275	198	19357	2.48850321395776	1	1	0.999415546464056..
REACTOME_PATHWAY	R-HSA-2559580~Oxidative Stress Induced Senescence	6	1.74927113702624	0.0629635052554083	ENSG00000123080, ENSG00000010803, ENSG00000177606, ENSG00000121481, ENSG00000092847, ENSG00000184678	188	125	10946	2.79472340425532	1	0.908250332362091	0.886879736306513.
REACTOME_PATHWAY	R-HSA-72766~Translation	10	2.91545189504373	0.0630432583639569	ENSG00000136628, ENSG00000143436, ENSG00000116251, ENSG00000142937, ENSG00000122406, ENSG00000156482, ENSG00000083845, ENSG00000143374, ENSG00000142676, ENSG00000177954	188	292	10946	1.99395220052463	1	0.908250332362091	0.886879736306513.
GOTERM_MF_DIRECT	GO:0008289~lipid binding	7	2.04081632653061	0.0635011569477396	ENSG00000130203, ENSG00000116171, ENSG00000117868, ENSG00000137942, ENSG00000143320, ENSG00000162444, ENSG00000189171	272	196	18913	2.48332457983193	0.999999999999998	1	1..
GOTERM_BP_DIRECT	GO:0043524~negative regulation of neuron apoptotic process	6	1.74927113702624	0.0637922991649488	ENSG00000132688, ENSG00000130203, ENSG00000118193, ENSG00000177606, ENSG00000089685, ENSG00000136634	275	151	19357	2.79691751956653	1	1	0.999415546464056..
GOTERM_BP_DIRECT	GO:0007346~regulation of mitotic cell cycle	4	1.16618075801749	0.0645911992367435	ENSG00000117399, ENSG00000126787, ENSG00000089685, ENSG00000173207	275	65	19357	4.33163636363636	1	1	0.999415546464056..
GOTERM_BP_DIRECT	GO:0007568~aging	6	1.74927113702624	0.0652380685576772	ENSG00000162692, ENSG00000162374, ENSG00000132906, ENSG00000136634, ENSG00000104918, ENSG00000178999	275	152	19357	2.77851674641148	1	1	0.999415546464056..
REACTOME_PATHWAY	R-HSA-8981373~Intestinal hexose absorption	2	0.583090379008746	0.0666130677215082	ENSG00000142583, ENSG00000215695	188	4	10946	29.1117021276596	1	0.923750249518289	0.902014949529623.
KEGG_PATHWAY	hsa01522:Endocrine resistance	5	1.45772594752187	0.0666714232167513	ENSG00000198719, ENSG00000117461, ENSG00000123080, ENSG00000177606, ENSG00000142875	129	98	8205	3.24513526340769	0.999999987722082	1	0.996197718631179.
GOTERM_BP_DIRECT	GO:0000082~G1/S transition of mitotic cell cycle	4	1.16618075801749	0.0669881408614401	ENSG00000183856, ENSG00000180198, ENSG00000132780, ENSG00000097046	275	66	19357	4.26600550964187	1	1	0.999415546464056..
GOTERM_BP_DIRECT	GO:0015908~fatty acid transport	3	0.874635568513119	0.0670026587242057	ENSG00000143320, ENSG00000162444, ENSG00000143554	275	30	19357	7.03890909090909	1	1	0.999415546464056..
REACTOME_PATHWAY	R-HSA-9013507~NOTCH3 Activation and Transmission of Signal to the Nucleus	3	0.874635568513119	0.0673794299648634	ENSG00000198719, ENSG00000162736, ENSG00000065978	188	25	10946	6.9868085106383	1	0.923750249518289	0.902014949529623.
REACTOME_PATHWAY	R-HSA-2029485~Role of phospholipids in phagocytosis	3	0.874635568513119	0.0673794299648634	ENSG00000168710, ENSG00000143226, ENSG00000203747	188	25	10946	6.9868085106383	1	0.923750249518289	0.902014949529623.
GOTERM_BP_DIRECT	GO:0009410~response to xenobiotic stimulus	8	2.33236151603499	0.0682559590744879	ENSG00000108578, ENSG00000085999, ENSG00000137936, ENSG00000177000, ENSG00000117724, ENSG00000177606, ENSG00000163399, ENSG00000136634	275	252	19357	2.23457431457431	1	1	0.999415546464056..
GOTERM_BP_DIRECT	GO:2000435~negative regulation of protein neddylation	2	0.583090379008746	0.0688068357130985	ENSG00000122406, ENSG00000142676	275	5	19357	28.1556363636364	1	1	0.999415546464056..
GOTERM_BP_DIRECT	GO:0035582~sequestering of BMP in extracellular matrix	2	0.583090379008746	0.0688068357130985	ENSG00000158747, ENSG00000270136	275	5	19357	28.1556363636364	1	1	0.999415546464056..
GOTERM_BP_DIRECT	GO:0032042~mitochondrial DNA metabolic process	2	0.583090379008746	0.0688068357130985	ENSG00000143799, ENSG00000130766	275	5	19357	28.1556363636364	1	1	0.999415546464056..
GOTERM_MF_DIRECT	GO:0030674~protein binding, bridging	5	1.45772594752187	0.0698170319612459	ENSG00000171812, ENSG00000090020, ENSG00000162736, ENSG00000142655, ENSG00000143476	272	108	18913	3.21912445533769	1	1	1...
GOTERM_CC_DIRECT	GO:0042788~polysomal ribosome	3	0.874635568513119	0.0704461481675041	ENSG00000162374, ENSG00000156482, ENSG00000142676	282	32	20587	6.84408244680851	0.999999999996954	0.655691071405231	0.643046890964909
GOTERM_MF_DIRECT	GO:0009055~electron carrier activity	4	1.16618075801749	0.0714385844190433	ENSG00000116701, ENSG00000159423, ENSG00000117118, ENSG00000158864	272	67	18913	4.15122914837577	1	1	1...
REACTOME_PATHWAY	R-HSA-877300~Interferon gamma signaling	5	1.45772594752187	0.0724910522554652	ENSG00000163462, ENSG00000162692, ENSG00000154451, ENSG00000213512, ENSG00000183347	188	92	10946	3.16431544865865	1	0.978053879637228	0.955040847175176.
REACTOME_PATHWAY	R-HSA-9010553~Regulation of expression of SLITs and ROBOs	7	2.04081632653061	0.074450242155745	ENSG00000116251, ENSG00000142937, ENSG00000122406, ENSG00000156482, ENSG00000083845, ENSG00000142676, ENSG00000177954	188	172	10946	2.36955714992578	1	0.988792278630988	0.965526577957318.
GOTERM_CC_DIRECT	GO:0005765~lysosomal membrane	10	2.91545189504373	0.0750388130027599	ENSG00000198198, ENSG00000162736, ENSG00000196187, ENSG00000134243, ENSG00000116857, ENSG00000132718, ENSG00000156171, ENSG00000143882, ENSG00000198715, ENSG00000162511	282	379	20587	1.92621493665675	0.999999999999496	0.680977228000046	0.667845435724563
KEGG_PATHWAY	hsa04613:Neutrophil extracellular trap formation	7	2.04081632653061	0.0764113167373014	ENSG00000203710, ENSG00000143226, ENSG00000162747, ENSG00000117461, ENSG00000116701, ENSG00000203747, ENSG00000184678	129	190	8205	2.34332925336597	0.999999999230247	1	0.996197718631179.
REACTOME_PATHWAY	R-HSA-166658~Complement cascade	4	1.16618075801749	0.076539698757135	ENSG00000203710, ENSG00000159403, ENSG00000117335, ENSG00000173369	188	58	10946	4.01540719002201	1	1	0.977353076437262..
GOTERM_CC_DIRECT	GO:0016328~lateral plasma membrane	4	1.16618075801749	0.0780410635671942	ENSG00000183856, ENSG00000121957, ENSG00000155380, ENSG00000163399	282	73	20587	4.00019430681045	0.999999999999845	0.69094892865589	0.677624844632223
KEGG_PATHWAY	hsa00030:Pentose phosphate pathway	3	0.874635568513119	0.0791264786764021	ENSG00000049239, ENSG00000142657, ENSG00000079739	129	30	8205	6.36046511627907	0.999999999646169	1	0.996197718631179.
GOTERM_BP_DIRECT	GO:0008016~regulation of heart contraction	3	0.874635568513119	0.0791394544966252	ENSG00000282608, ENSG00000121933, ENSG00000173641	275	33	19357	6.39900826446281	1	1	0.999415546464056..
GOTERM_BP_DIRECT	GO:0048662~negative regulation of smooth muscle cell proliferation	3	0.874635568513119	0.0791394544966252	ENSG00000130203, ENSG00000116688, ENSG00000169418	275	33	19357	6.39900826446281	1	1	0.999415546464056..
GOTERM_CC_DIRECT	GO:0005615~extracellular space	35	10.2040816326531	0.0806207427047184	ENSG00000124491, ENSG00000158747, ENSG00000211445, ENSG00000133048, ENSG00000136634, ENSG00000117335, ENSG00000189171, ENSG00000171812, ENSG00000122218, ENSG00000162692, ENSG00000163221, ENSG00000158481, ENSG00000117691, ENSG00000117592, ENSG00000188404, ENSG00000185499, ENSG00000049089, ENSG00000203747, ENSG00000162896, ENSG00000130203, ENSG00000196154, ENSG00000198830, ENSG00000159403, ENSG00000104918, ENSG00000116774, ENSG00000284214, ENSG00000119655, ENSG00000203710, ENSG00000163131, ENSG00000143369, ENSG00000143546, ENSG00000162745, ENSG00000270136, ENSG00000184678, ENSG00000186715	282	1946	20587	1.31301341905199	0.999999999999944	0.696793561947923	0.683356771497137
REACTOME_PATHWAY	R-HSA-376176~Signaling by ROBO receptors	8	2.33236151603499	0.0816535236828395	ENSG00000116251, ENSG00000142937, ENSG00000122406, ENSG00000156482, ENSG00000083845, ENSG00000142875, ENSG00000142676, ENSG00000177954	188	219	10946	2.12688234722627	1	1	0.977620730270907..
GOTERM_BP_DIRECT	GO:0002385~mucosal immune response	2	0.583090379008746	0.081991360671847	ENSG00000264522, ENSG00000185436	275	6	19357	23.4630303030303	1	1	0.999415546464056..
GOTERM_BP_DIRECT	GO:0048263~determination of dorsal identity	2	0.583090379008746	0.081991360671847	ENSG00000158747, ENSG00000270136	275	6	19357	23.4630303030303	1	1	0.999415546464056..
GOTERM_BP_DIRECT	GO:0051661~maintenance of centrosome location	2	0.583090379008746	0.081991360671847	ENSG00000121957, ENSG00000066279	275	6	19357	23.4630303030303	1	1	0.999415546464056..
REACTOME_PATHWAY	R-HSA-8963676~Intestinal absorption	2	0.583090379008746	0.0825647544629036	ENSG00000142583, ENSG00000215695	188	5	10946	23.2893617021277	1	1	0.977620730270907..
REACTOME_PATHWAY	R-HSA-9006925~Intracellular signaling by second messengers	10	2.91545189504373	0.0830723450096201	ENSG00000168710, ENSG00000143614, ENSG00000117461, ENSG00000066027, ENSG00000010803, ENSG00000177606, ENSG00000132906, ENSG00000121481, ENSG00000092847, ENSG00000142875	188	309	10946	1.88425256489706	1	1	0.977620730270907..
GOTERM_MF_DIRECT	GO:0051020~GTPase binding	3	0.874635568513119	0.0850777578856139	ENSG00000136628, ENSG00000137942, ENSG00000065978	272	34	18913	6.13527249134948	1	1	1...
REACTOME_PATHWAY	R-HSA-8943724~Regulation of PTEN gene transcription	4	1.16618075801749	0.0860972119522449	ENSG00000143614, ENSG00000010803, ENSG00000177606, ENSG00000121481	188	61	10946	3.81792814788978	1	1	0.977620730270907..
GOTERM_BP_DIRECT	GO:0050832~defense response to fungus	3	0.874635568513119	0.0875800542042759	ENSG00000143546, ENSG00000163221, ENSG00000205846	275	35	19357	6.03335064935065	1	1	0.999415546464056..
GOTERM_MF_DIRECT	GO:0003690~double-stranded DNA binding	5	1.45772594752187	0.0876855262886748	ENSG00000069275, ENSG00000215845, ENSG00000177606, ENSG00000175279, ENSG00000065978	272	117	18913	2.97149949723479	1	1	1...
REACTOME_PATHWAY	R-HSA-1430728~Metabolism	45	13.1195335276968	0.088161372248533	ENSG00000105854, ENSG00000215845, ENSG00000162407, ENSG00000177000, ENSG00000142937, ENSG00000117118, ENSG00000158864, ENSG00000159479, ENSG00000171766, ENSG00000097021, ENSG00000168710, ENSG00000143437, ENSG00000117594, ENSG00000117054, ENSG00000143418, ENSG00000156482, ENSG00000143450, ENSG00000148344, ENSG00000143850, ENSG00000123684, ENSG00000143554, ENSG00000136628, ENSG00000172380, ENSG00000090020, ENSG00000130203, ENSG00000117868, ENSG00000157881, ENSG00000099377, ENSG00000159423, ENSG00000083845, ENSG00000143819, ENSG00000177954, ENSG00000111181, ENSG00000116251, ENSG00000117461, ENSG00000116171, ENSG00000122406, ENSG00000162688, ENSG00000155380, ENSG00000142657, ENSG00000142875, ENSG00000079739, ENSG00000148677, ENSG00000142676, ENSG00000162368	188	2118	10946	1.23704116689772	1	1	0.977620730270907..
GOTERM_CC_DIRECT	GO:0005739~mitochondrion	27	7.87172011661808	0.0886831206141917	ENSG00000105854, ENSG00000119285, ENSG00000117118, ENSG00000116688, ENSG00000158864, ENSG00000171766, ENSG00000097021, ENSG00000143799, ENSG00000143436, ENSG00000117054, ENSG00000117691, ENSG00000117592, ENSG00000054523, ENSG00000132906, ENSG00000143554, ENSG00000049239, ENSG00000090020, ENSG00000130766, ENSG00000162736, ENSG00000158793, ENSG00000159423, ENSG00000284214, ENSG00000116171, ENSG00000126787, ENSG00000182134, ENSG00000123472, ENSG00000121310	282	1440	20587	1.3688164893617	0.999999999999998	0.748650529836084	0.734213742759355
GOTERM_BP_DIRECT	GO:0006979~response to oxidative stress	5	1.45772594752187	0.0888830772860567	ENSG00000130203, ENSG00000105854, ENSG00000117592, ENSG00000211445, ENSG00000158864	275	119	19357	2.95752482811306	1	1	0.999415546464056..
GOTERM_BP_DIRECT	GO:0001938~positive regulation of endothelial cell proliferation	4	1.16618075801749	0.090308691213757	ENSG00000143369, ENSG00000143437, ENSG00000177606, ENSG00000136634	275	75	19357	3.75408484848485	1	1	0.999415546464056..
GOTERM_BP_DIRECT	GO:0032868~response to insulin	4	1.16618075801749	0.090308691213757	ENSG00000130766, ENSG00000134243, ENSG00000136634, ENSG00000104918	275	75	19357	3.75408484848485	1	1	0.999415546464056..
GOTERM_BP_DIRECT	GO:0006915~apoptotic process	14	4.08163265306122	0.0903554557616087	ENSG00000177606, ENSG00000116688, ENSG00000133048, ENSG00000117676, ENSG00000168710, ENSG00000143546, ENSG00000143799, ENSG00000266094, ENSG00000054523, ENSG00000142856, ENSG00000132906, ENSG00000089685, ENSG00000156171, ENSG00000163545	275	605	19357	1.62883846731781	1	1	0.999415546464056..
GOTERM_BP_DIRECT	GO:0000070~mitotic sister chromatid segregation	3	0.874635568513119	0.0918968956452517	ENSG00000117650, ENSG00000134690, ENSG00000116213	275	36	19357	5.86575757575758	1	1	0.999415546464056..
GOTERM_BP_DIRECT	GO:0007264~small GTPase mediated signal transduction	5	1.45772594752187	0.0931024245203817	ENSG00000155366, ENSG00000137936, ENSG00000271810, ENSG00000116191	275	121	19357	2.90864012021037	1	1	0.999415546464056..
GOTERM_CC_DIRECT	GO:0097431~mitotic spindle pole	3	0.874635568513119	0.0947452439591067	ENSG00000121957, ENSG00000066279, ENSG00000178999	282	38	20587	5.76343784994401	1	0.781648262662631	0.766575155669136.
GOTERM_MF_DIRECT	GO:0031730~CCR5 chemokine receptor binding	2	0.583090379008746	0.0961058910687604	ENSG00000132688, ENSG00000143771	272	7	18913	19.8665966386555	1	1	1...
GOTERM_MF_DIRECT	GO:0036042~long-chain fatty acyl-CoA binding	2	0.583090379008746	0.0961058910687604	ENSG00000116171, ENSG00000097021	272	7	18913	19.8665966386555	1	1	1...
REACTOME_PATHWAY	R-HSA-173623~Classical antibody-mediated complement activation	2	0.583090379008746	0.0982452581578571	ENSG00000159403, ENSG00000173369	188	6	10946	19.4078014184397	1	1	0.977620730270907..
GOTERM_MF_DIRECT	GO:0035198~miRNA binding	3	0.874635568513119	0.0982664467251595	ENSG00000234741, ENSG00000092847, ENSG00000065978	272	37	18913	5.63781796502385	1	1	1...
